date,ticker,title,summary,target_return,predicted_return,counterfactual_price_only_return,counterfactual_text_only_return,abs_target_return,gate_text_confidence,text_content_norm,text_noise_norm,price_content_norm,price_noise_norm,text_noise_ratio,volatility_20d,same_day_return
2023-12-22,JNJ,Johnson & Johnson: Ottava Surgical Robot Is A Growth Tailwind,,0.004374127835035324,0.027517080307006836,0.02169862389564514,0.021490739658474922,0.004374127835035324,0.44258424639701843,5.902705192565918,4.818869590759277,5.695011615753174,5.5110883712768555,0.44945539140886365,0.010182568732523769,0.004004168852889123
2024-01-04,JNJ,Johnson & Johnson: Rock Solid 3% Yield With Over 10% Annual Return Potential (Rating Upgrade),"Johnson & Johnson's stock has underperformed the market, but its strong performance and secure balance sheet make it an attractive investment during uncertainty. The company's Q3 results showed solid growth, and it raised its full-year outlook, projecting a 13% year-over-year growth in EPS. JNJ offers a solid 3% dividend yield backed by a 61-year track record. Its AAA balance sheet rating and 46% payout ratio ensure strong safety and reliability. The stock's current blended P/E stands at 16.2x, under the 20-year average of 17.7x, signaling a discount and offering a margin of safety. With an anticipated 5% annual EPS growth over the next two years, I'm building a case for returns exceeding 10%.",0.003112723119556904,0.01422726921737194,0.02257712371647358,0.0008220598101615906,0.003112723119556904,0.45010215044021606,5.778508186340332,4.98642110824585,5.7001848220825195,5.492963790893555,0.463209833691441,0.008944391012204265,-0.0021120039304467486
2024-01-04,JNJ,Johnson & Johnson: One Of The World's Safest Stocks Could Return +10% Per Year,"The Fed's potential rate cuts are causing concern in the market, as it could lead to higher inflation and negatively impact stocks. Johnson & Johnson is a safe investment option with a history of consistent income and extreme financial safety. JNJ's recent performance, positive business developments, and long-term growth prospects make it a compelling investment for conservative investors.",0.003112723119556904,0.010941881686449051,0.02257712371647358,-0.006718151271343231,0.003112723119556904,0.45898228883743286,5.696014881134033,5.029229640960693,5.7001848220825195,5.492963790893555,0.4689151497291901,0.008944391012204265,-0.0021120039304467486
2024-01-05,JNJ,Johnson & Johnson: A Defensive Dividend King Set To Outperform The S&P 500,"Johnson & Johnson is a safe and stable business with an AAA rating and a 60+ year history of dividend increases. JNJ has a strong balance sheet, generating significant free cash flow and having the resources for investments and shareholder rewards. The stock trades at an attractive valuation with potential for dividend growth and EPS growth. The company reported solid Q3 earnings with 6.8% YoY sales growth, driven by strong performance in both its Medtech and Innovative Medicine segments.",0.0024824512656778097,0.016290508210659027,0.022548744454979897,0.007119953632354736,0.0024824512656778097,0.44965454936027527,5.7538862228393555,4.950122833251953,5.698697090148926,5.4968791007995605,0.4624550303827083,0.008425448879965705,0.0031127231546397294
2024-01-08,JNJ,"Johnson & Johnson: EPS Growth Returns In 2024, JPM Healthcare Conference On Tap","Large pharma stocks, including Johnson & Johnson, may be experiencing a shift in favor as investors move away from glamour growth stocks as 2024 gets underway. Johnson & Johnson is a leading global healthcare company with a below-market valuation and an attractive dividend yield, though its chart has its issues. Analysts have mixed opinions on Johnson & Johnson, with some citing concerns about its pipeline and slower growth in MedTech. Ahead of earnings due out later this month, I highlight key price levels to monitor.",0.0006190760177560151,-0.0012964103370904922,0.022280119359493256,-0.029966816306114197,0.0006190760177560151,0.4769238531589508,5.807308673858643,4.909896373748779,5.696686744689941,5.493897914886475,0.4581321671030674,0.008140572257996798,0.002482451339945735
2024-01-09,JNJ,Johnson & Johnson: $2 Billion Buyout Of Antibody Drug Conjugate Specialist Ambrx Is Good Business,"Johnson & Johnson has announced plans to acquire Ambrx, a clinical-stage biopharmaceutical company specializing in antibody drug conjugates (ADCs), for ~$2.0 billion. ADCs have become a popular investment for big pharma companies, with Pfizer, AbbVie, Merck and others making significant investments into the space. Ambrx's portfolio includes ADCs targeting prostate cancer, breast cancer, and renal cell carcinoma, with its lead candidate, ARX517, showing promising results in prostate cancer patients. Johnson & Johnson has targeted $57bn of revenues from its pharmaceuticals division even as >$10bn p.a. asset Stelara loses patent protection. This acquisition provides an enhancement to its pre-commercial pipeline - although the success of Ambrx's product portfolio or technology is not guaranteed.",0.0014848827850073576,0.02756655216217041,0.022128619253635406,0.01853262633085251,0.0014848827850073576,0.47560375928878784,5.7365617752075195,5.057398796081543,5.6958513259887695,5.492927551269531,0.46853967667190555,0.007914241643412132,0.0006190760089186398
2024-01-16,JNJ,Johnson & Johnson: Is The Dividend Still Safe After The Kenvue Split-Off?,"JNJ stock occupies a top spot in many portfolios due to its consistent performance and low volatility. But should we really and readily accept JNJ as a SWAN stock? A fresh look Johnson & Johnson is warranted, especially in light of the split-off of its Consumer Health segment (Kenvue stock) and amid the ongoing talc litigation. I share my view on JNJ's two remaining segments, their future prospects and the decline in cash flow due to the split-off of the Consumer Health segment. Finally, I will discuss the dividend safety of Johnson & Johnson stock against this backdrop.",-0.0005606938502751291,0.018433086574077606,0.021203013136982918,0.007314357906579971,0.0005606938502751291,0.47130823135375977,5.580166816711426,5.0477752685546875,5.697576999664307,5.470990180969238,0.47495321559496634,0.008571858041983224,-0.011515373830698117
2024-01-24,JNJ,"Johnson & Johnson: Balance Growth Between MedTech And Medicine, Initiate With A 'Buy'",,0.00377440988086164,0.011238301172852516,0.02221478708088398,-0.01704985648393631,0.00377440988086164,0.4547382891178131,5.771091938018799,4.927052974700928,5.699529647827148,5.496947765350342,0.46055208775891326,0.007430584951360676,-0.005318682580018774
2024-02-28,JNJ,Johnson & Johnson: A Clean Bill Of Health,"Johnson & Johnson continues to trade in line with historical multiples despite improved financial position and growth prospects following the KVUE spin-off. We are relatively bullish on JNJ's core Pharma and MedTech portfolios, but not enough margin of safety to provide a highly attractive return profile. Potential catalysts include indication expansions for key products (Tremfya, Erleada, Spravato), accelerating growth in MedTech, deployment of excess cash-post spin-off, and monetization of the remaining KVUE stake.",-0.0010523239616304636,0.009778764098882675,0.021087240427732468,-0.006109461188316345,0.0010523239616304636,0.4523746371269226,5.893884181976318,5.046019077301025,5.689537525177002,5.491444110870361,0.4612489669889356,0.00774886265252134,0.0035408738342483925
2024-03-28,JNJ,With Lawsuit And Medtech Tailwinds - Johnson & Johnson May Be Back,"Johnson & Johnson settles a consumer protection lawsuit for $75 million, a significant reduction from the initial demand of $6 billion. The company is facing nearly 60,000 lawsuits from ex-talc users claiming that the powder caused their cancer. A US District Judge is allowing the company to contest evidence linking its talc powder to cancer, providing an opportunity for new arguments in its defense. On top of that, the company is working on a transition to fast-growing medtech products and solutions, adding to the attractiveness of its current valuation.",-0.002591964090242982,0.013290824368596077,0.021732522174715996,-0.014237955212593079,0.002591964090242982,0.4754050672054291,5.814796447753906,5.446692943572998,5.700541019439697,5.5017991065979,0.4836565354994086,0.007433600436102534,0.0014560899403974759
2024-04-04,JNJ,Johnson & Johnson: Self-Proclaimed 'Dividend King' Faces Tricky Outlook,"Johnson & Johnson's shares have experienced minimal growth over the past five years, in contrast to some of its competitors in the pharmaceutical industry. The company aims to focus on innovative medicine and medtech, projecting 5-7% growth between 2025 and 2030. Johnson & Johnson faces challenges such as lawsuits and patent expirations, but its medical devices and oncology divisions offer potential for growth. In this post, I provide comprehensive product-by-product revenue forecasts and discounted cash flow analysis to help readers precisely break down the investment opportunity. If you would like to take a good look """"under the hood"""" of Johnson & Johnson and know what the business will look like in 2030, read this post.",-0.0007214272045530379,0.005327526479959488,0.022358562797307968,-0.02936416119337082,0.0007214272045530379,0.4715730845928192,5.740229606628418,5.398839473724365,5.70365571975708,5.4903950691223145,0.4846760025257779,0.008465721684643265,-0.011409200701558042
2024-04-11,JNJ,Johnson & Johnson Q1 Earnings Preview: Shockwave Could Be A Good Fit Despite Headwinds,,-0.008535350672900677,0.023232273757457733,0.022498738020658493,0.006175152957439423,0.008535350672900677,0.44649335741996765,5.862184524536133,4.852575302124023,5.712399959564209,5.486928939819336,0.45288698772785674,0.007748951189935526,-0.009387437046096014
2024-04-12,JNJ,Johnson & Johnson: Doubling Down On This 2024 Dog Of The Dow,,0.0004745200858451426,0.03981056809425354,0.02301502414047718,0.04871775954961777,0.0004745200858451426,0.45553284883499146,5.756411552429199,4.932562351226807,5.715532302856445,5.493282318115234,0.46146266196227076,0.0076114885799158484,-0.00853535049371823
2024-04-18,JNJ,Johnson & Johnson: Buy This Bargain Before It's Gone,"On April 16, Johnson & Johnson released financial results for the first three months of 2024, which were within my expectations. Tecvayli sales were $133 million in the first quarter of 2024, up 111% year over year. Despite increased competition in the global autoimmune disease therapeutics market, the sales growth rate of most of its blockbusters has pleasantly surprised me. As a result, I am upgrading Johnson & Johnson's rating from 'Buy' to 'Strong Buy'.",0.014889570884406567,0.012788775376975536,0.023642387241125107,-0.006169810891151428,0.014889570884406567,0.45731741189956665,5.576539993286133,5.121781826019287,5.717021465301514,5.526082992553711,0.47874628493381177,0.008975440727746382,0.00670018080578183
2024-04-22,JNJ,Johnson & Johnson: Legal Woes Are Detrimental But Not Fatal,"Johnson & Johnson stock has continued to underperform the healthcare sector, worrying JNJ investors. JNJ's potentially massive talc-related legal liabilities will likely affect buying sentiment. However, it's easy to forget that JNJ is a fundamentally strong business with robust free cash flow profitability. Investors should be careful about buying JNJ when overvalued, but it's not. Dip-buyers were assessed to have returned with conviction last week, providing JNJ investors another solid buying opportunity.",0.0029508008155971766,0.005613725632429123,0.0236735288053751,-0.0219888836145401,0.0029508008155971766,0.46067023277282715,5.794257164001465,5.082452297210693,5.706854343414307,5.534552574157715,0.4672784830131714,0.010122233429529547,0.008180472082829349
2024-05-16,JNJ,Shockwave Medical: A Look Into Q1 Financials And Value To Johnson & Johnson Investors,"Johnson & Johnson's acquisition of Shockwave Medical is expected to benefit J&J's investors due to positive trends in sales, revenue, and cash flow. Shockwave Medical has a strong product portfolio and a growing market value in the intravascular lithotripsy (IVL) technology. The merger will expand J&J's presence in the cardiovascular intervention market and prevent competitors from acquiring SWAV's technology.",0.0023333579301834106,0.018512828275561333,0.02246653474867344,0.005011681467294693,0.0023333579301834106,0.4464091360569,5.739865303039551,5.2216901779174805,5.7069621086120605,5.487058639526367,0.4763639783594936,0.012707110434195439,0.0105457008738159
2024-05-23,JNJ,"Johnson & Johnson: Vital Signs Decent, A Compelling Value Case","The Health Care sector has been stagnant while other areas of the stock market reach record highs, leaving some value opportunities in drugmakers and pharma stocks. I have a buy rating on Johnson & Johnson (JNJ) given its stable earnings growth and lofty yield. JNJ's diversified portfolio and pipeline provide stability, despite some weaknesses in certain areas. I highlight key price points to monitor on the chart ahead of a busy corporate presentation schedule.",-0.018236443400382996,0.008172376081347466,0.02269827574491501,-0.0074241384863853455,0.018236443400382996,0.45930013060569763,5.791979789733887,4.887670993804932,5.703544616699219,5.491339683532715,0.4576620615103007,0.014054985964498242,-0.024755767223509473
2024-05-31,JNJ,Johnson & Johnson: Market Will Regret The Overreaction,"Johnson & Johnson stock prices have been consistently declining in the recent 1~2 years. The stock is currently undervalued, with lower P/E ratios compared to the sector median and historical averages, and a high dividend yield. Yet, Johnson & Johnson's profitability remains strong, and there are potential catalysts for growth, including the adoption of new products and potential acquisitions. The contrast of value compression and robust profitability has created a very asymmetrical return/risk ratio.",0.0072953905910253525,0.01525605283677578,0.023272626101970673,1.901760697364807e-05,0.0072953905910253525,0.45211267471313477,5.767836570739746,5.01654577255249,5.714122772216797,5.518075942993164,0.4651676482587118,0.010603712679682189,0.009567737250624875
2024-07-03,JNJ,"Johnson & Johnson: A Lot Of Moving Parts, But Perhaps Finally Lurching In The Right Direction","Johnson & Johnson shares have underperformed for years, with multiple contributing causes including upcoming generic competition for Stelara, uncertainty around talc litigation, and questions about internal growth capabilities. The pharmaceutical pipeline shows promise, and I like the """"franchise/platform"""" approach in oncology, immunology, and neuroscience, but clinical and competitive risks are real. I'm more skeptical of management's growth targets in MedTech, as I feel the company has often come up short versus rivals when it comes to disruptive innovation. Long-term revenue growth around 5%, EBITDA margins moving toward 40%, and mid-to-high-20%s FCF margins can support a fair value in the $160-$180 range.",0.005422512069344521,0.0066153667867183685,0.022851955145597458,-0.010611318051815033,0.005422512069344521,0.46787357330322266,6.148054599761963,4.816720485687256,5.710972785949707,5.487349033355713,0.4392904047871292,0.0064288657343011995,-0.0023282732650812266
2024-07-03,JNJ,Johnson & Johnson: Put Selling Can Yield A Potential 9.8% Return,"Johnson & Johnson's underlying business has a stable long-term outlook and the stock has a low volatility profile, which makes it an ideal platform for selling put options. The company is trading at a highly attractive valuation, which provides a solid margin of error. Selling put options does sacrifice capital appreciation, but with a nearly 10% annualized yield on offer, this opportunity appears to be a win-win to us. We're upgrading JNJ stock to 'Buy'.",0.005422512069344521,0.012570463120937347,0.022851955145597458,-0.0009877271950244904,0.005422512069344521,0.4523031711578369,5.687633514404297,5.112833499908447,5.710972785949707,5.487349033355713,0.47339003888743547,0.0064288657343011995,-0.0023282732650812266
2024-07-08,JNJ,Johnson & Johnson: Remaining A Buy Despite Remaining Risks,"Johnson & Johnson reported solid first quarter results and is also expecting mid-single digit growth for the full year. The company is facing risks right now, especially from the litigations due to the talc products, and breaking the support line is also a rather bearish sign. But the stock seems slightly undervalued at this point, and Johnson & Johnson is probably a good investment for investors seeking stability and a bond-like investment.",0.010791847482323647,0.011339081451296806,0.02290484309196472,-0.006545983254909515,0.010791847482323647,0.45820680260658264,5.716842174530029,5.12197208404541,5.713013648986816,5.468257427215576,0.4725583409635922,0.006097462802716285,-0.006826956651016958
2024-07-11,JNJ,Johnson & Johnson Q2 Earnings Preview: Scrutinizing Its Earnings Quality,"Johnson & Johnson will announce its Q2 2024 results on Wednesday, July 17 before the market opens. In this update, I share what to expect from JNJ's Q2 results and put previous results into perspective. In the main part of the article, I will take a close look at JNJ's earnings adjustments, amid the significant deviation from GAAP earnings (+46% median since 2014). I discuss what I believe may be inappropriate earnings adjustments related to JNJ's COVID-19 vaccine and restructuring costs. I also point out an important metric in connection with JNJ's somewhat weak pipeline at the moment.",0.0012023844756186008,0.010028721764683723,0.02331036701798439,-0.020807377994060516,0.0012023844756186008,0.476290225982666,5.961874961853027,5.172418594360352,5.712439060211182,5.472607612609863,0.4645484303288799,0.007407111547739559,0.0018069402857672223
2024-07-17,JNJ,Johnson & Johnson Q2: Robust New Product Pipeline,,-0.0074083395302295685,0.02650890126824379,0.023180242627859116,0.01789446733891964,0.0074083395302295685,0.4414031505584717,5.968402862548828,4.729388236999512,5.710235595703125,5.482101917266846,0.4420901654359977,0.010846274981597787,0.03688509157418207
2024-07-22,JNJ,Johnson & Johnson: Seriously Undervalued At Peak Pessimism,"Johnson & Johnson, the pharmaceutical giant with a 3.21% dividend yield, released financial results for Q2 2024 that exceeded my expectations. Its oncology franchise revenue was $5.09 billion for the three months ended June 30, 2024, an increase of 15.7% year-on-year. For example, sales of Darzalex, an anticancer medication, were $2.88 billion in the second quarter of 2024, up 18.4% year-on-year. Additionally, thanks to strong sales of the immunology franchise, as well as the acquisition of Shockwave Medical, Johnson & Johnson raised its full-year 2024 operating sales guidance. As a result, I continue to cover Johnson & Johnson with a 'Strong Buy' rating.",-0.012253625318408012,0.015128489583730698,0.023584693670272827,-0.004020750522613525,0.012253625318408012,0.4516344666481018,5.717525482177734,5.2411298751831055,5.694443225860596,5.52863073348999,0.4782639570521946,0.010870963835426264,-0.002909095462786615
2024-07-23,JNJ,4 Positives For Johnson & Johnson,"Johnson & Johnson might be the worst performing big pharma stock YTD, but there's upside possible for it in the remainder of 2024. Revenue growth guidance was upgraded and even with a downgrade in EPS guidance, the number is still expected to see a YoY increase. Its market multiples indicate the possibility of some uptick, and there are dividends to consider too. JNJ isn't without its risk, due to Stelara's patent expirations and litigation against it, but for now, it's a safer stock than not.",0.025795768946409225,0.0013476554304361343,0.023056847974658012,-0.03116850182414055,0.025795768946409225,0.46824002265930176,5.825531959533691,5.323832035064697,5.694721221923828,5.5210347175598145,0.4775009621753756,0.011317394729009946,-0.012253625734447327
2024-08-22,JNJ,Johnson & Johnson: Don't Bet Against Double Compounding,"JNJ bulls often praise its dividends - rightfully. However, the above-average yield and remarkable dividend record understate the attractiveness. Investors should focus on total shareholder returns, which include dividends but also other factors such as EPS growth and buybacks. Compounding works on a multiplicative basis, not additively. As a result, JNJ's overall return potential is far greater than the simple sum of these factors.",0.01096389815211296,0.013260474428534508,0.0208706334233284,-0.012162566184997559,0.01096389815211296,0.4490602910518646,5.689056396484375,4.98106050491333,5.6947832107543945,5.4778151512146,0.46682342386149317,0.0116158785208035,0.005699237827463177
2024-08-23,JNJ,Johnson & Johnson: The Dividend King Is Back,,0.0029245251789689064,0.02194933593273163,0.02100325934588909,0.011815149337053299,0.0029245251789689064,0.4518352150917053,5.8578290939331055,4.9685540199279785,5.693924427032471,5.479884624481201,0.45893018634877697,0.011776404782744715,0.010963898548744355
2024-09-13,JNJ,Johnson & Johnson: A Strategic MedTech Shift For This Dividend King,"Ongoing lawsuits have presented the opportunity. It is up to the investor to decide just how much risk this adds to the thesis. Post Kenvue spin, the company is deciding to use cash to further diversify their MedTech offerings. The great thing about MedTech versus increasing investment in Medicines is that they don't face the same """"patent cliff"""" issues. V-Wave, Shockwave, and Abiomed account for $30.3 Billion of the $40.4 Billion invested in acquisitions since 2020. That's 75% of the acquisition total in the last 4 years.",0.00888108927756548,0.0061058904975652695,0.020517010241746902,-0.02507776767015457,0.00888108927756548,0.4695076644420624,5.832001686096191,5.38082218170166,5.682157039642334,5.474837779998779,0.4798810937496648,0.007317074180187299,0.0053450625433246746
2024-09-23,JNJ,Johnson & Johnson: A Sell-Rated Dividend King,"Johnson & Johnson (JNJ) is showing signs of a topping pattern with negative divergences in momentum indicators, suggesting potential price weakness ahead. The stock is expensive based on forward P/E and free cash flow yield, with poor growth prospects and negative earnings revisions. Despite favorable seasonality, JNJ may underperform in a risk-on market environment as defensive sectors lag. The dividend yield is attractive, but overall, JNJ is a sell due to limited growth and high valuation.",-0.0026957346126437187,-0.008042857050895691,0.020677244290709496,-0.06138099730014801,0.0026957346126437187,0.45945751667022705,6.161719799041748,5.142965316772461,5.6891398429870605,5.47955322265625,0.4549410500233636,0.0076806001838292766,-0.005726198930279702
2024-09-24,JNJ,Johnson & Johnson: Wait For More Clarity (Rating Downgrade),,-0.013392237015068531,0.023338140919804573,0.020533328875899315,0.021928051486611366,0.013392237015068531,0.45597442984580994,5.905381679534912,4.945862293243408,5.689628601074219,5.479667663574219,0.45578758579663825,0.007675717085723048,-0.0026957345099992702
2024-10-10,JNJ,Johnson & Johnson: You Need To Look At This Chart (Rating Upgrade),JNJ's current dividend yield is around the highest level in at least 10 years. The market’s concern over its current issues - which are all temporary in my view - is drastically overblown. The overreaction has created a severe mispricing for this sector leader with superb financial strength and stable growth outlook.,0.005918716546148062,0.006794638931751251,0.02089785784482956,-0.005961250513792038,0.005918716546148062,0.45885801315307617,5.653501033782959,4.644754886627197,5.698181629180908,5.463289737701416,0.45102344732191857,0.005390532723805165,-0.0008714860197428509
2024-10-11,JNJ,Johnson & Johnson Q3 Earnings Preview: Dividend Dependability And Steady Growth,"Johnson & Johnson’s Q3 2024 earnings report will highlight its MedTech division, driven by strategic acquisitions and R&D investments in cardiovascular and orthopedic solutions. Despite lagging behind the S&P in price growth, JNJ offers a solid income investment with a 3.09% dividend yield and steady financials. Risks include short-term costs from acquisitions, supply chain issues in the Vision division, and external pressures like currency fluctuations and competition. JNJ is a 'Hold' due to its dependable dividends and strong MedTech growth, but short-term challenges and slight overvaluation suggest caution for new investors.",0.0008671139949001372,0.01374048925936222,0.021041840314865112,0.0010379403829574585,0.0008671139949001372,0.449991375207901,5.756246566772461,4.9708662033081055,5.69843864440918,5.463629245758057,0.46339274228309507,0.005428892787706326,0.005918716702751015
2024-10-15,JNJ,Johnson & Johnson Q3: Strengthening Cardiovascular Device Portfolio,"I reiterate a “Buy” rating for Johnson & Johnson, driven by their robust cardiovascular device portfolio and recent acquisitions, with a fair value of $195 per share. The acquisition of V-Wave enhances Johnson & Johnson's MedTech business, opening new opportunities in the high-growth heart failure device market. Johnson & Johnson's Q3 results exceeded expectations, with 26.5% year-over-year growth in the cardiovascular market and a 5.4% adjusted operational revenue growth. Despite headwinds in China, Johnson & Johnson's decentralization strategy and ongoing acquisitions are expected to drive organic revenue growth and margin expansion.",0.001096830703318119,0.014377739280462265,0.021103069186210632,0.0018563270568847656,0.001096830703318119,0.4514286518096924,5.70145845413208,4.960025310516357,5.69708251953125,5.467267036437988,0.4652284259872387,0.006222412173903358,0.015470283374489524
2024-10-17,JNJ,Johnson & Johnson Q3 Earnings Review: Nicely Poised For Steady Growth (Upgrade),"Johnson & Johnson reported solid Q3 revenues of $22.5bn, up 5.2% YoY, despite a 34% drop in EPS due to IPRD and litigation impacts. The innovative medicines division, led by Darzalex and Tremfya, shows strong growth potential, with management expecting revenues to exceed $57bn in 2025. MedTech division saw a 6.4% operational revenue growth, driven by cardiovascular acquisitions, aligning with the company's focus on high innovation, high-growth markets. With a potential resolution to talc litigation and a robust pipeline, JNJ stock is upgraded to “Buy,” offering a 3% dividend yield and substantial long-term growth.",0.00395201938226819,0.01387837529182434,0.022139932960271835,0.00848432257771492,0.00395201938226819,0.4517349600791931,5.752970218658447,5.110092639923096,5.684563636779785,5.496727466583252,0.4704099300949715,0.0058895426793966615,0.0011565968964886153
2024-11-13,JNJ,Johnson & Johnson: Tracking Well Above The Industry,"In the second half of 2024, Johnson & Johnson made significant progress in developing its oncology franchise. So, Darzalex sales were $3.02 billion in the third quarter of 2024, up 20.7% year-on-year, thanks in part to its label expansions. Moreover, on November 8, 2024, the company announced the filing of regulatory applications to the FDA and EMA seeking approval of Darzalex Faspro for the treatment of high-risk smoldering MM. In addition, thanks in part to growing demand for the immunology star Tremfya, it raised its full-year 2024 operational sales guidance. As a result, Icontinue to cover Johnson & Johnson with a 'Buy' rating.",-0.008940291590988636,0.00781746581196785,0.022284777835011482,-0.017084423452615738,0.008940291590988636,0.4615444839000702,5.784796714782715,5.319206714630127,5.702962875366211,5.50399923324585,0.47903503888875487,0.00840175339185705,0.003930834619013668
2024-11-19,JNJ,"Johnson & Johnson: Policy Uncertainty Elevated, But Shares Remain Inexpensive",,0.0007189759635366499,0.022990968078374863,0.022365983575582504,0.006583083420991898,0.0007189759635366499,0.4475819766521454,5.886592864990234,4.889718532562256,5.695600509643555,5.522157669067383,0.4537469596203718,0.00910161169648749,-0.011436369180687023
2024-12-06,JNJ,Johnson & Johnson Is A Better Dividend Stock Than Amgen In Our View,"Recent market concerns have pressured the stock prices of both Johnson & Johnson and Amgen Inc. In times of uncertainties, I go back to timeless insights like those offered by Peter Lync on dividend stocks. These insights led me to rate JNJ as a strong buy, a well-rounded package featuring yield, dividend consistency/safety, valuation, and effective inventory management. These insights also led me to downgrade AMGN to hold. It is a solid stock in its own right but falls short on several fronts when compared to JNJ.",0.0019423177000135183,0.01667334884405136,0.02205318957567215,0.004817068576812744,0.0019423177000135183,0.4600452780723572,5.7319207191467285,4.907806873321533,5.706693172454834,5.512379169464111,0.4612718540646897,0.008674377029629737,-0.0014045693663771175
2024-12-19,JNJ,Johnson & Johnson: Dividend Legend At A Discount,"Johnson & Johnson's diversified revenue streams, significant presence in oncology and immunotherapy, and aggressive growth investments make it a strong defensive play. The company's low leverage, ample liquidity, and impressive free cash flow margin support its dividend sustainability and long-term growth. The stock is very attractively valued with an 18% potential upside.",0.006198649760335684,0.011250600218772888,0.02302718535065651,-0.004839811474084854,0.006198649760335684,0.45021095871925354,5.797727108001709,5.036424160003662,5.705172061920166,5.529383659362793,0.46486559356766594,0.009701545368162154,-0.008082878298638518
2025-01-07,JNJ,Johnson & Johnson: A Potential Beneficiary Of A Great Rotation,"Johnson & Johnson's stagnant price and bond-like behavior make it an income investment, but a market shift could boost its appeal in 2025. Value stocks, including JNJ, may gain favor as growth stocks' earnings slow and proposed policies boost earnings in other sectors. JNJ's 3.41% dividend yield and attractive forward PE ratio of 13.5 offer potential upside if value stocks regain market attention. While speculative, buying JNJ now at a good valuation with a high dividend yield presents a favorable risk-reward balance.",-0.027080556377768517,0.01014867052435875,0.022934235632419586,-0.013183832168579102,0.027080556377768517,0.4530484080314636,5.858883857727051,5.094435214996338,5.7162556648254395,5.481897830963135,0.46510424659155053,0.009855716951555314,0.017889350243004865
2025-01-07,JNJ,Johnson & Johnson: I'm Saying Yes To This Mess,"JNJ's long-term buy rating is based on its blue-chip pedigree, profitability, and diverse revenue lines, despite recent price stagnation and litigation risks. I emphasize adapting to market conditions, focusing on undervalued blue chips like JNJ, and using option strategies to manage risk and enhance returns. Technical analysis indicates JNJ has downside risk but potential for long-term trading range, making it suitable for a collar strategy. My investment approach prioritizes managing risk with quality large-cap stocks, aiming to capitalize on market neglect and long-term potential.",-0.027080556377768517,0.015006092377007008,0.022934235632419586,0.004942622035741806,0.027080556377768517,0.45358023047447205,5.868188858032227,4.951390266418457,5.7162556648254395,5.481897830963135,0.45763242816243876,0.009855716951555314,0.017889350243004865
2025-01-08,JNJ,Dividend Roundup: Why I Prefer Johnson & Johnson Over Pfizer,"The latest dividend declarations, combined with stock price movements, have pushed PFE’s yield to be almost twice as JNJ’s. But I want to caution you to look beyond yield (and P/E too) and examine other aspects, especially those often overlooked by dividend investors. JNJ offers better growth, a stronger track record, and also a safer payout. JNJ's stable inventory management and ongoing share repurchases further solidify its position as a better dividend stock than PFE.",-0.0014761454658582807,0.014585682190954685,0.023230385035276413,-0.00624445453286171,0.0014761454658582807,0.44819939136505127,5.821444988250732,5.124967098236084,5.712210655212402,5.492147445678711,0.4681869326445614,0.011413866959175635,-0.027080556717537063
2025-01-13,JNJ,What Johnson & Johnson Is Getting With The Acquisition Of Intra-Cellular Therapies,"Johnson & Johnson is acquiring Intra-Cellular Therapies for $14.6 billion or $132 per share. Caplyta's peak sales potential exceeds $5 billion in the hands of J&J, driven by growth in schizophrenia, bipolar disorder, and the pending approval in major depressive disorder. The deal also brings Intra-Cellular Therapies' early-stage pipeline that adds to the long-term upside potential of the deal. Intellectual property risk on Caplyta is substantially reduced with last week's settlement with Sandoz, but not entirely eliminated as it does not stop other generic manufacturers from trying. I believe J&J is paying (at least) a fair price, with decent likelihood of creating substantial long-term value for the company.",0.001938080182299018,0.007456472143530846,0.024332012981176376,-0.023113742470741272,0.001938080182299018,0.4621830880641937,5.896023273468018,5.205484390258789,5.712518215179443,5.5174760818481445,0.46889886922897683,0.011626525393296361,0.01696471415677947
2025-01-16,JNJ,Johnson & Johnson: Q4 Earnings May Not Prompt Sustained Directional Moves,"Johnson & Johnson has underperformed its large-cap healthcare peers and the S&P 500, with an -8% decline over the past year. Even though JNJ has displayed an improving track record of beating consensus EPS, the Q4 earnings event, due to be held on the 22nd of Jan., may not significantly boost the stock. Question marks over the rising debt driven by M&A, the uncertainty surrounding the talcum powder lawsuits, slowing dividend growth, and potentially lower FY25 EPS guidance may weigh heavily. Despite some challenges, JNJ's dividend yield remains attractive, the stock appears to be priced attractively, and the risk-reward on the charts looks encouraging.",-0.005007831379771233,-0.006339810788631439,0.023503247648477554,-0.04232359677553177,0.005007831379771233,0.45390188694000244,5.846726417541504,4.99867582321167,5.704364776611328,5.521189212799072,0.4609027597360989,0.011575643811158972,0.019314382087036286
2025-01-22,JNJ,Johnson & Johnson Dips On Q4 Earnings: Here's What The Market Isn't Seeing,,0.009430679492652416,0.031808480620384216,0.023141738027334213,0.01666187308728695,0.009430679492652416,0.44741925597190857,5.798254013061523,4.925601959228516,5.698607444763184,5.536653518676758,0.4593125804706432,0.011533969548844236,-0.019439669013586625
2025-01-30,JNJ,Why Johnson & Johnson's Strong Buy Rating Is Justified (Rating Upgrade),"On January 22, Johnson & Johnson released financial results for the fourth quarter of 2024, which beat my expectations again. So, sales of its oncology franchise reached $5.5 billion, an increase of 19% compared to the fourth quarter of 2023. Moreover, Johnson & Johnson expects its operational sales to grow by 2% to 3% in 2025, while its adjusted diluted EPS will be between $10.50 and $10.70, implying single-digit percentage growth. In this article, you will learn five reasons why I believe Johnson & Johnson is an appealing stock for income-oriented investors.",-0.004709963221102953,0.008655466139316559,0.022283047437667847,-0.010950624942779541,0.004709963221102953,0.45069000124931335,5.762426376342773,5.2878336906433105,5.680865287780762,5.558448314666748,0.478525723248889,0.015041035374915307,0.011379446070785448
2025-02-18,JNJ,Johnson & Johnson: Rich History Of Excellence Poised To Endure,,0.018710844218730927,0.02678362838923931,0.02160601317882538,0.023982057347893715,0.018710844218730927,0.44945400953292847,5.908849239349365,5.001215934753418,5.690410614013672,5.514094352722168,0.45840385505893616,0.012936496597396685,0.0005164407021072126
2025-02-19,JNJ,AbbVie Vs. Johnson & Johnson: Graham Would Prefer The Consumer Healthcare Giant,"Since my last analyses on JNJ and ABBV, both have released Q4 earnings. Overall, JNJ showed more pronounced unevenness in its Q4 results, while ABBV’s growth story is pretty clear-cut. The goal of this article is to analyze their updates through Graham’s framework for picking defensive stocks. This framework helps to filter out short-term fluctuations and show JNJ is a better defensive stock than ABBV despite mixed Q4 results.",0.011336964555084705,0.01855557970702648,0.021628692746162415,0.004068220034241676,0.011336964555084705,0.4714075028896332,5.807548522949219,5.263667106628418,5.690348148345947,5.519346714019775,0.4754371410277328,0.013370119719017297,0.018710844529986614
2025-03-05,JNJ,"Johnson & Johnson: No More Tears, Just Gains In Intra-Cellular Acquisition","Intra-Cellular Therapies' Caplyta shows strong sales growth and label expansion potential, making it a valuable acquisition for Johnson & Johnson at $14 billion. JNJ's acquisition of ITCI is strategic, replacing its aging Invega with Caplyta, which has patent protection until 2033 and ongoing clinical trials for new formulations. The $14 billion price tag is justified given Caplyta's advanced clinical stage, FDA approvals, and potential blockbuster status in the schizophrenia and bipolar disorder markets. Schizophrenia and MDD markets are substantial, with Caplyta positioned to capture significant market share, enhancing JNJ's portfolio amidst broader portfolio challenges.",0.0042999438010156155,0.010463347658514977,0.01991225965321064,-0.0025436431169509888,0.0042999438010156155,0.45106494426727295,5.8253703117370605,5.140028476715088,5.652645587921143,5.557146072387695,0.46874979887896756,0.01023355928065171,-0.0018135839383301988
2025-03-07,JNJ,Pfizer Vs. Johnson & Johnson: Who's The Better Bargain For Investors,"Johnson & Johnson and Pfizer occupy leading positions in the healthcare sector. Each of them has advantages, as well as dark spots in the portfolio of drugs relative to the comparator. In this article you will find out who is more promising for long-term investors.",0.0060591185465455055,0.01935766264796257,0.019451424479484558,0.00587092898786068,0.0060591185465455055,0.45882341265678406,5.826421737670898,5.083913803100586,5.6533918380737305,5.539595603942871,0.4659722685981324,0.009827876818317097,0.005186037513451369
2025-03-28,JNJ,Johnson & Johnson Needs Time To Consolidate (Technical Analysis And Downgrade),"Two recent catalysts, one technical and one fundamental, have promoted me to adjust my rating on JNJ to a HOLD from my earlier buy rating. Technical trading patterns signal that JNJ is entering a consolidation phase with no clear directional momentum in the near term. In the meantime, JNJ's valuation ratios have expanded, narrowing the discount compared to historical averages and shifting its return/risk profile. On the positive side, long-term prospects are promising due to strong drug pipeline developments and significant R&D investments. The current dividend yield is also above historical average.",0.013010747730731964,0.011926906183362007,0.01965637132525444,0.000544082373380661,0.013010747730731964,0.4609127342700958,5.839162826538086,5.067145824432373,5.671968936920166,5.509523868560791,0.4646068607256064,0.008267280888920278,0.0035554576944403227
2025-04-11,JNJ,"Johnson & Johnson: Fairly Valued, But Recession-Resilient","Johnson & Johnson offers stability and limited downside risk, making it a solid investment in volatile markets, despite not being a high-growth stock. The company's fiscal 2024 results showed moderate growth in sales and earnings, with notable performance in the oncology and cardiovascular segments. Analysts expect low-to-mid single-digit growth for Johnson & Johnson, with a focus on operational efficiency and share buybacks to boost the bottom line. Valuation metrics suggest Johnson & Johnson is fairly valued, with an intrinsic value estimate of $168.39, making it a reasonable investment in uncertain times.",0.01733345352113247,0.01321298349648714,0.024035783484578133,-0.0025180168449878693,0.01733345352113247,0.45968911051750183,5.845116138458252,4.761617183685303,5.658002853393555,5.655178070068359,0.44892400318428677,0.02280186894496092,0.020445176112837693
2025-04-15,JNJ,Johnson & Johnson: First Look At Q1 Earnings - Solid Quarter Will Calm Nerves,"Johnson & Johnson's Q1 2025 earnings show a 2.4% sales increase and a significant EPS rise, despite litigation charges impacting GAAP figures. The MedTech division grew 4.1%, driven by acquisitions, while Pharmaceuticals saw a 4.2% increase, despite challenges like Stelara's patent expiry. JNJ raised its full-year revenue guidance and increased its dividend, reflecting confidence in long-term growth despite short-term litigation and tariff uncertainties. JNJ stock remains a """"sensible"""" pharma investment with solid performance, diversified revenue streams, and manageable debt, though litigation remains a significant concern.",0.0018878306727856398,0.01250867173075676,0.022380394861102104,-0.0038083121180534363,0.0018878306727856398,0.4551667869091034,5.733144760131836,5.010924816131592,5.65712308883667,5.608321189880371,0.46638983306675724,0.02311349866761023,-0.004794023647564316
2025-04-24,JNJ,Johnson & Johnson Just Proved The Bears Wrong Again,"Johnson & Johnson has started 2025 better than I expected, even with the long-running talc saga. It beat the consensus estimates again by a wide margin, thanks to its leading positions in the oncology and immunology market. So, sales of Tremfya amounted to $956 million, and Darzalex reached $3.24 billion in the first quarter of 2025, an increase of 18.3% and 20.2% year-on-year, respectively. Johnson & Johnson also reached a significant R&D milestone in mid-April when icotrokinra, an oral IL-23 pathway inhibitor, showed stunning results in the treatment of plaque psoriasis. In this article, you will learn about extra reasons why I continue to cover it with a 'Buy' rating.",-0.002259025815874338,0.017430689185857773,0.021896248683333397,0.008654605597257614,0.002259025815874338,0.4457853138446808,5.705981731414795,5.169885158538818,5.679758548736572,5.527876377105713,0.4753538463507614,0.02383488230339292,-0.002896204098916333
2025-05-12,JNJ,Johnson & Johnson: For Those Who Want Some Immunity Against Tariff Changes,"The U.S. and China have agreed to reduce tariffs temporarily for 90 days. I expect continued market volatility in the negotiation process. Johnson & Johnson could offer some immunity due to the specific breakdown of the trade between these two countries and JNJ’s relatively minor exposure to China. Additionally, the dividend yield of 3.4%, is among the highest levels in at least 10 years.",-0.036979351192712784,0.022525284439325333,0.021785713732242584,0.020919833332300186,0.036979351192712784,0.4571188986301422,5.663146495819092,4.938683032989502,5.693368434906006,5.502374172210693,0.46583309225724107,0.010312609140900531,-0.0005187513320026316
