bar_time_utc,price_time_local,date,open,high,low,close,volume,barCount,average,tweet_count,labeled_count,unlabeled_count,bullish_count,bearish_count,sentiment_sum,sentiment_mean,labeled_sentiment_mean,return_1m,return_5m,forward_return_1m,forward_return_5m,hour
2020-03-23 13:48:00+00:00,2020-03-23 07:48:00,20200323  07:48:00,224.26,225.2,223.84,224.62,9179,5298,224.607,22.0,9.0,13.0,5.0,4.0,1.0,0.0454545454545454,0.1111111111111111,0.0018286427902411,0.0020968101717599,-0.000400676698424,0.0048526400142463,7
2020-03-23 14:32:00+00:00,2020-03-23 08:32:00,20200323  08:32:00,226.71,227.49,226.57,226.59,3955,2653,227.03,20.0,8.0,12.0,5.0,3.0,2.0,0.1,0.25,-0.0003970354685018,0.0009718602288288,-0.0010150492078202,-0.0078555982170439,8
2020-03-23 15:06:00+00:00,2020-03-23 09:06:00,20200323  09:06:00,224.1,224.65,223.75,223.87,3220,2021,224.249,16.0,6.0,10.0,3.0,3.0,0.0,0.0,0.0,-0.0009817484046588,0.0012522921418667,-0.0013847322106579,-0.0018314200205475,9
2020-03-23 15:44:00+00:00,2020-03-23 09:44:00,20200323  09:44:00,218.85,218.88,218.5,218.63,8407,4890,218.668,23.0,8.0,15.0,1.0,7.0,-6.0,-0.2608695652173913,-0.75,-0.00100525474069,-0.0065885132679026,-0.000869048163564,0.002195490097425,9
2020-03-23 16:37:00+00:00,2020-03-23 10:37:00,20200323  10:37:00,222.22,222.78,222.11,222.71,2528,1441,222.514,19.0,10.0,9.0,7.0,3.0,4.0,0.2105263157894736,0.4,0.0022050220502205,0.0045557059088858,0.001706254770778,0.0099681199766512,10
2020-03-23 17:20:00+00:00,2020-03-23 11:20:00,20200323  11:20:00,227.86,227.89,227.43,227.43,1147,864,227.643,22.0,9.0,13.0,2.0,7.0,-5.0,-0.2272727272727272,-0.5555555555555556,-0.002149877149877,-0.0010980323260716,0.0014949654838851,-0.0047047443169326,11
2020-03-23 18:05:00+00:00,2020-03-23 12:05:00,20200323  12:05:00,222.19,223.05,221.79,222.8,4925,2371,222.372,22.0,7.0,15.0,2.0,5.0,-3.0,-0.1363636363636363,-0.4285714285714285,0.0027002700270029,0.0022943002384274,0.0024685816876122,-0.0042190305206463,12
2020-03-23 18:36:00+00:00,2020-03-23 12:36:00,20200323  12:36:00,221.97,222.38,221.73,221.74,1913,1011,222.093,16.0,8.0,8.0,2.0,6.0,-4.0,-0.25,-0.5,-0.0010361760598278,-0.0035053028941218,0.0027058717416794,0.0050509605844684,12
2020-03-23 19:21:00+00:00,2020-03-23 13:21:00,20200323  13:21:00,220.7,221.08,220.56,220.82,6661,2288,220.9,19.0,9.0,10.0,2.0,7.0,-5.0,-0.2631578947368421,-0.5555555555555556,0.0004530627038781,-0.0017179023508137,-0.0029888597047368,-0.0042115750384928,13
2020-03-23 19:55:00+00:00,2020-03-23 13:55:00,20200323  13:55:00,224.68,224.85,223.56,224.84,15662,7756,224.31,24.0,9.0,15.0,2.0,7.0,-5.0,-0.2083333333333333,-0.5555555555555556,0.0007121239095602,0.0123823675086676,-0.0009339975093399,0.0358032378580324,13
2020-03-24 13:18:00+00:00,2020-03-24 07:18:00,20200324  07:18:00,233.97,234.17,233.89,234.0,251,126,233.981,16.0,6.0,10.0,3.0,3.0,0.0,0.0,0.0,0.0004275331338179,0.0009410556933868,0.0,0.0020512820512819,7
2020-03-24 13:54:00+00:00,2020-03-24 07:54:00,20200324  07:54:00,236.63,236.72,236.34,236.64,4178,2401,236.508,21.0,8.0,13.0,4.0,4.0,0.0,0.0,0.0,4.226006846130837e-05,0.0048834345407446,-0.0001690331304935,-0.0047751859364435,7
2020-03-24 14:25:00+00:00,2020-03-24 08:25:00,20200324  08:25:00,238.04,238.47,237.82,238.32,5564,2666,238.173,19.0,8.0,11.0,5.0,3.0,2.0,0.1052631578947368,0.25,0.001134215500945,0.0047641131582276,0.00121685129238,-0.0018042967438738,8
2020-03-24 14:58:00+00:00,2020-03-24 08:58:00,20200324  08:58:00,237.33,237.56,237.2,237.51,1910,992,237.373,21.0,10.0,11.0,2.0,8.0,-6.0,-0.2857142857142857,-0.6,0.000716272014831,-4.210171775020921e-05,-0.0002105174518967,0.000842069807587,8
2020-03-24 15:47:00+00:00,2020-03-24 09:47:00,20200324  09:47:00,239.54,239.66,239.24,239.37,2667,1541,239.448,18.0,10.0,8.0,6.0,4.0,2.0,0.1111111111111111,0.2,-0.0006679747839518,0.0004597508986041,-0.0012532898859506,-0.0006684212725069,9
2020-03-24 16:32:00+00:00,2020-03-24 10:32:00,20200324  10:32:00,241.66,241.98,241.54,241.78,3714,1809,241.743,20.0,12.0,8.0,5.0,7.0,-2.0,-0.1,-0.1666666666666666,0.0004551661356395,-0.0002480979159774,0.0013648771610554,0.0029365538919678,10
2020-03-24 17:10:00+00:00,2020-03-24 11:10:00,20200324  11:10:00,238.48,238.5,237.96,238.13,9998,4452,238.19,22.0,13.0,9.0,1.0,12.0,-11.0,-0.5,-0.8461538461538461,-0.0014676283126466,-0.0043899991638097,0.0026456137403938,0.005333221349683,11
2020-03-24 17:48:00+00:00,2020-03-24 11:48:00,20200324  11:48:00,239.11,239.3,238.5,238.65,2722,1216,238.867,17.0,7.0,10.0,0.0,7.0,-7.0,-0.4117647058823529,-1.0,-0.0018820577164365,-0.0005025757004648,-0.0010894615545778,-0.0056987219777917,11
2020-03-24 18:23:00+00:00,2020-03-24 12:23:00,20200324  12:23:00,236.83,237.35,236.78,237.24,3285,1818,237.125,24.0,11.0,13.0,4.0,7.0,-3.0,-0.125,-0.2727272727272727,0.0016889039013681,0.0020696937697994,0.0008008767492833,0.0025712358792782,12
2020-03-24 19:20:00+00:00,2020-03-24 13:20:00,20200324  13:20:00,241.09,241.25,240.6,241.08,3651,1755,240.901,24.0,13.0,11.0,3.0,10.0,-7.0,-0.2916666666666667,-0.5384615384615384,-4.1478286117224705e-05,-0.0027714581178903,0.0012444001991038,-0.0005807200929153,13
2020-03-24 19:55:00+00:00,2020-03-24 13:55:00,20200324  13:55:00,242.83,243.32,242.71,243.21,19689,9210,243.022,25.0,9.0,16.0,4.0,5.0,-1.0,-0.04,-0.1111111111111111,0.001564880780793,0.0078319244157136,0.0015213190247111,-0.0025903540150487,13
2020-03-24 20:26:00+00:00,2020-03-24 14:26:00,20200324  14:26:00,243.35,243.45,243.15,243.2,239,112,243.299,16.0,6.0,10.0,4.0,2.0,2.0,0.125,0.3333333333333333,-0.0008216926869351,-0.0018469115534579,0.0005345394736842,-0.0002878289473683,14
2020-03-24 21:02:00+00:00,2020-03-24 15:02:00,20200324  15:02:00,244.2,244.25,244.09,244.09,197,70,244.155,18.0,9.0,9.0,4.0,5.0,-1.0,-0.0555555555555555,-0.1111111111111111,-0.0004913803693542,-0.0020850367947669,-0.0005735589331804,-0.002867794665902,15
2020-03-24 21:45:00+00:00,2020-03-24 15:45:00,20200324  15:45:00,243.42,243.99,243.36,243.99,364,122,243.75,17.0,7.0,10.0,3.0,4.0,-1.0,-0.0588235294117647,-0.1428571428571428,0.0024651793417971,0.0039914410336596,-0.0009836468707734,-0.0011885733021845,15
2020-03-24 22:17:00+00:00,2020-03-24 16:17:00,20200324  16:17:00,245.21,245.21,244.91,245.0,422,82,245.022,20.0,7.0,13.0,2.0,5.0,-3.0,-0.15,-0.4285714285714285,-0.0008971535763804,-0.0006526350138684,0.0006530612244897,0.0023673469387754,16
2020-03-24 22:49:00+00:00,2020-03-24 16:49:00,20200324  16:49:00,246.26,246.26,246.04,246.25,17,13,246.123,14.0,6.0,8.0,3.0,3.0,0.0,0.0,0.0,-0.0002030044660983,0.002728235198306,-0.0015837563451776,0.0016243654822334,16
2020-03-24 23:38:00+00:00,2020-03-24 17:38:00,20200324  17:38:00,243.75,243.99,243.58,243.58,172,23,243.853,16.0,6.0,10.0,1.0,5.0,-4.0,-0.25,-0.6666666666666666,-0.0003693519924486,4.1055959272506826e-05,-0.0004926512849987,-0.0035717218162411,17
2020-03-25 10:47:00+00:00,2020-03-25 04:47:00,20200325  04:47:00,242.54,242.91,242.45,242.54,142,45,242.603,16.0,9.0,7.0,1.0,8.0,-7.0,-0.4375,-0.7777777777777778,-0.0004121332014507,-0.0051273637146724,0.0030922734394327,-0.0006184546878865,4
2020-03-25 11:35:00+00:00,2020-03-25 05:35:00,20200325  05:35:00,239.05,239.9,239.03,239.3,344,103,239.393,14.0,6.0,8.0,1.0,5.0,-4.0,-0.2857142857142857,-0.6666666666666666,0.00104580631667,-0.0099296648738104,0.0,0.0041370664437943,5
2020-03-25 12:40:00+00:00,2020-03-25 06:40:00,20200325  06:40:00,241.58,242.41,241.58,242.37,150,57,242.0,15.0,4.0,11.0,3.0,1.0,2.0,0.1333333333333333,0.5,0.0036024844720496,0.0011152416356878,-0.0002475553905186,-0.0033007385402484,6
2020-03-25 13:16:00+00:00,2020-03-25 07:16:00,20200325  07:16:00,244.75,244.86,244.2,244.29,1619,337,244.487,16.0,8.0,8.0,4.0,4.0,0.0,0.0,0.0,-0.001634721484327,0.0006144015728679,-0.0002865446805025,0.0002865446805027,7
2020-03-25 13:57:00+00:00,2020-03-25 07:57:00,20200325  07:57:00,244.06,244.29,243.61,243.83,8755,3805,243.957,26.0,11.0,15.0,1.0,10.0,-9.0,-0.3461538461538461,-0.8181818181818182,-0.0010242543428383,-0.0045723617064705,-0.0039781815199113,-0.0080793995816758,7
2020-03-25 14:35:00+00:00,2020-03-25 08:35:00,20200325  08:35:00,242.92,243.06,242.28,242.41,2491,1431,242.709,20.0,9.0,11.0,1.0,8.0,-7.0,-0.35,-0.7777777777777778,-0.0021816086276447,-0.0039446110860007,0.0037127181221896,0.0070541644321604,8
2020-03-25 15:13:00+00:00,2020-03-25 09:13:00,20200325  09:13:00,245.49,245.79,245.09,245.67,2813,1700,245.374,14.0,8.0,6.0,1.0,7.0,-6.0,-0.4285714285714285,-0.75,0.0008963128946832,-0.0030840400925212,-0.0012618553343916,0.0005698701510157,9
2020-03-25 15:45:00+00:00,2020-03-25 09:45:00,20200325  09:45:00,245.12,245.15,244.73,245.02,4106,1502,244.945,21.0,9.0,12.0,3.0,6.0,-3.0,-0.1428571428571428,-0.3333333333333333,-0.0003671820815144,-0.0004895161948273,-0.0012243898457269,0.002775283650314,9
2020-03-25 16:17:00+00:00,2020-03-25 10:17:00,20200325  10:17:00,248.63,248.8,248.55,248.75,2010,1075,248.702,13.0,5.0,8.0,3.0,2.0,1.0,0.0769230769230769,0.2,0.0004021717273274,0.0051723441225199,-0.0010854271356783,0.0016884422110552,10
2020-03-25 16:48:00+00:00,2020-03-25 10:48:00,20200325  10:48:00,251.8,252.11,251.41,251.42,7046,3286,251.836,23.0,13.0,10.0,5.0,8.0,-3.0,-0.1304347826086956,-0.2307692307692307,-0.0014694785336987,0.0009554900867903,0.0001590963328295,-0.000318192665659,10
2020-03-25 17:48:00+00:00,2020-03-25 11:48:00,20200325  11:48:00,256.3,256.35,255.51,255.56,6860,3461,255.859,25.0,6.0,19.0,4.0,2.0,2.0,0.08,0.3333333333333333,-0.002887241513851,0.0003522918542295,0.0003130380341211,-0.0019956174675223,11
2020-03-25 18:19:00+00:00,2020-03-25 12:19:00,20200325  12:19:00,253.59,254.58,253.56,254.39,4519,1979,254.143,21.0,9.0,12.0,3.0,6.0,-3.0,-0.1428571428571428,-0.3333333333333333,0.0033525282006783,0.0027197477335434,0.0017689374582334,-0.0017689374582333,12
2020-03-25 19:06:00+00:00,2020-03-25 13:06:00,20200325  13:06:00,254.88,255.25,254.7,254.72,2019,1049,255.011,21.0,11.0,10.0,7.0,4.0,3.0,0.1428571428571428,0.2727272727272727,-0.0005493211959507,0.0006285355122563,3.925879396970977e-05,-0.0030621859296482,13
2020-03-25 20:05:00+00:00,2020-03-25 14:05:00,20200325  14:05:00,247.4,247.47,247.03,247.29,1695,629,247.26,24.0,12.0,12.0,1.0,11.0,-10.0,-0.4166666666666667,-0.8333333333333334,-0.0004850248575239,-0.001292354912968,-0.0002426301103967,0.0005256985725261,14
2020-03-25 20:36:00+00:00,2020-03-25 14:36:00,20200325  14:36:00,246.64,246.69,246.5,246.5,204,59,246.523,19.0,6.0,13.0,1.0,5.0,-4.0,-0.2105263157894736,-0.6666666666666666,-0.0004460484165281,-0.0002433484750162,-0.000811359026369,-0.0015821501014198,14
2020-03-25 21:10:00+00:00,2020-03-25 15:10:00,20200325  15:10:00,246.7,246.7,246.64,246.7,23,16,246.692,16.0,7.0,9.0,1.0,6.0,-5.0,-0.3125,-0.7142857142857143,0.0002432695426533,-0.0003646825236031,-0.0004053506282934,-0.0004053506282934,15
2020-03-25 21:51:00+00:00,2020-03-25 15:51:00,20200325  15:51:00,246.99,247.04,246.82,246.9,71,20,246.971,14.0,3.0,11.0,0.0,3.0,-3.0,-0.2142857142857142,-1.0,-0.0001214919207872,0.0002025521571804,0.0002835155933575,-4.0502227622640774e-05,15
2020-03-25 22:23:00+00:00,2020-03-25 16:23:00,20200325  16:23:00,247.77,247.77,247.6,247.62,23,10,247.684,20.0,8.0,12.0,1.0,7.0,-6.0,-0.3,-0.75,0.0,0.0033631832732283,-0.0011307648816735,-0.0025846054438253,16
2020-03-25 23:10:00+00:00,2020-03-25 17:10:00,20200325  17:10:00,246.74,246.77,246.68,246.74,91,20,246.732,15.0,6.0,9.0,1.0,5.0,-4.0,-0.2666666666666666,-0.6666666666666666,0.0001216002594139,0.0002837799489197,-0.0009321553051796,-0.0020669530680068,17
2020-03-25 23:45:00+00:00,2020-03-25 17:45:00,20200325  17:45:00,246.3,246.68,246.26,246.68,29,14,246.463,13.0,8.0,5.0,2.0,6.0,-4.0,-0.3076923076923077,-0.5,0.0014615134784021,0.0016648394039062,0.000689151937733,0.0004459218420624,17
2020-03-26 12:41:00+00:00,2020-03-26 06:41:00,20200326  06:41:00,244.71,245.1,244.39,245.0,982,256,244.897,24.0,12.0,12.0,6.0,6.0,0.0,0.0,0.0,0.001103256650186,0.0062428125513389,-0.0023265306122448,-0.0057142857142857,6
2020-03-26 13:17:00+00:00,2020-03-26 07:17:00,20200326  07:17:00,247.13,247.3,246.99,247.28,226,124,247.098,26.0,16.0,10.0,3.0,13.0,-10.0,-0.3846153846153846,-0.625,0.0008094544277157,0.0018637063447046,-0.0009301197023616,0.0025881591717891,7
2020-03-26 14:02:00+00:00,2020-03-26 08:02:00,20200326  08:02:00,253.47,253.53,252.83,253.11,4880,2611,253.166,25.0,10.0,15.0,4.0,6.0,-2.0,-0.08,-0.2,-0.0014202864244288,-0.0012626760841257,0.0002765595985934,0.0067954644225831,8
2020-03-26 14:36:00+00:00,2020-03-26 08:36:00,20200326  08:36:00,256.62,256.65,255.45,255.47,5495,3181,255.928,22.0,16.0,6.0,5.0,11.0,-6.0,-0.2727272727272727,-0.375,-0.0045201262518022,-0.0018753662824769,0.0012917367988414,-0.0010568755626884,8
2020-03-26 15:36:00+00:00,2020-03-26 09:36:00,20200326  09:36:00,258.24,258.24,257.63,258.05,3133,1594,257.842,24.0,11.0,13.0,6.0,5.0,1.0,0.0416666666666666,0.0909090909090909,-0.0007357496902106,0.0001162700565848,0.0023638829684169,0.0033326874636698,9
2020-03-26 16:09:00+00:00,2020-03-26 10:09:00,20200326  10:09:00,258.02,258.47,258.02,258.29,2306,1085,258.237,18.0,7.0,11.0,3.0,4.0,-1.0,-0.0555555555555555,-0.1428571428571428,0.001046430509263,-0.0022790482076636,-0.0019358085872468,-0.0024004026481861,10
2020-03-26 16:41:00+00:00,2020-03-26 10:41:00,20200326  10:41:00,258.32,258.32,257.93,258.01,1500,732,258.062,22.0,13.0,9.0,5.0,8.0,-3.0,-0.1363636363636363,-0.2307692307692307,-0.0010840528088583,-0.0024743862362265,-0.0003488236890042,-0.0002713073136699,10
2020-03-26 17:33:00+00:00,2020-03-26 11:33:00,20200326  11:33:00,255.58,255.6,255.12,255.34,1623,902,255.316,20.0,10.0,10.0,1.0,9.0,-8.0,-0.4,-0.8,-0.0009781290347822,-0.0034734418296062,0.0011749040495026,0.0019973368841543,11
2020-03-26 18:14:00+00:00,2020-03-26 12:14:00,20200326  12:14:00,256.09,256.28,255.93,255.93,1813,766,256.128,16.0,7.0,9.0,2.0,5.0,-3.0,-0.1875,-0.4285714285714285,-0.0006247803506578,-0.0012098033093974,0.000156292736295,0.0013675614425818,12
2020-03-26 18:58:00+00:00,2020-03-26 12:58:00,20200326  12:58:00,258.93,259.09,258.77,258.81,4682,1783,258.952,22.0,8.0,14.0,3.0,5.0,-2.0,-0.0909090909090909,-0.25,-0.0004248416499305,0.0003478664192948,-0.0009659595842509,-0.0036320080367837,12
2020-03-26 19:38:00+00:00,2020-03-26 13:38:00,20200326  13:38:00,257.84,257.97,256.68,256.92,6200,3892,257.187,28.0,12.0,16.0,2.0,10.0,-8.0,-0.2857142857142857,-0.6666666666666666,-0.0036067481093658,-0.0082223508975101,0.0026078156624629,0.0048653277284758,13
2020-03-26 20:09:00+00:00,2020-03-26 14:09:00,20200326  14:09:00,261.13,261.31,261.02,261.3,1065,277,261.141,20.0,8.0,12.0,5.0,3.0,2.0,0.1,0.25,0.0006510167349595,0.0027245865152156,-0.0001148105625718,-0.0001913509376196,14
2020-03-26 20:49:00+00:00,2020-03-26 14:49:00,20200326  14:49:00,261.6,262.0,261.6,261.89,362,119,261.775,19.0,11.0,8.0,3.0,8.0,-5.0,-0.2631578947368421,-0.4545454545454545,0.0011085626911313,0.0013765151225482,-0.000343655733323,0.0001909198518461,14
2020-03-26 21:22:00+00:00,2020-03-26 15:22:00,20200326  15:22:00,261.61,261.7,261.6,261.63,45,20,261.63,18.0,5.0,13.0,2.0,3.0,-1.0,-0.0555555555555555,-0.2,7.644967700004557e-05,-0.0009927832296001,0.0008408821618317,0.0014142109085348,15
2020-03-26 21:59:00+00:00,2020-03-26 15:59:00,20200326  15:59:00,262.75,262.79,262.61,262.77,155,57,262.732,18.0,4.0,14.0,1.0,3.0,-2.0,-0.1111111111111111,-0.5,0.0003426222019184,0.0022885913720103,-0.0025117022491151,-0.0022453095863301,15
2020-03-26 22:47:00+00:00,2020-03-26 16:47:00,20200326  16:47:00,261.27,261.27,261.01,261.02,103,35,261.109,13.0,8.0,5.0,2.0,6.0,-4.0,-0.3076923076923077,-0.5,-0.0008038892929603,-0.0021789823770022,-0.0004597348862156,0.0008045360508774,16
2020-03-26 23:31:00+00:00,2020-03-26 17:31:00,20200326  17:31:00,261.52,261.55,261.3,261.4,95,35,261.464,16.0,8.0,8.0,2.0,6.0,-4.0,-0.25,-0.5,-0.0004588559192413,-0.0022900763358779,0.0011094108645754,0.0005355776587607,17
2020-03-27 12:21:00+00:00,2020-03-27 06:21:00,20200327  06:21:00,254.21,254.35,253.91,254.1,272,43,254.153,16.0,8.0,8.0,0.0,8.0,-8.0,-0.5,-1.0,-0.0004327131112072,0.0017346053772766,-0.0003935458480912,0.0030696576151121,6
2020-03-27 13:02:00+00:00,2020-03-27 07:02:00,20200327  07:02:00,253.15,253.53,253.01,253.31,537,200,253.29,18.0,6.0,12.0,1.0,5.0,-4.0,-0.2222222222222222,-0.6666666666666666,0.0007506321112515,-0.0011435331230283,0.0008290237258694,-0.0024870711776084,7
2020-03-27 13:41:00+00:00,2020-03-27 07:41:00,20200327  07:41:00,252.82,253.16,252.57,252.62,4880,2693,252.783,23.0,10.0,13.0,1.0,9.0,-8.0,-0.3478260869565217,-0.8,-0.0007910766553278,-0.0084000628042077,-0.0028105454833347,-0.0029293009262925,7
2020-03-27 14:33:00+00:00,2020-03-27 08:33:00,20200327  08:33:00,252.5,252.7,252.2,252.4,2083,1224,252.393,21.0,7.0,14.0,0.0,7.0,-7.0,-0.3333333333333333,-1.0,-0.0004356263118291,-0.0012267025444184,7.923930269404522e-05,-0.0007131537242472,8
2020-03-27 15:18:00+00:00,2020-03-27 09:18:00,20200327  09:18:00,255.99,256.02,255.63,255.75,3284,1893,255.791,23.0,9.0,14.0,4.0,5.0,-1.0,-0.0434782608695652,-0.1111111111111111,-0.0009375366225243,0.0049510786278439,-0.0005083088954056,-0.0049266862170087,9
2020-03-27 15:49:00+00:00,2020-03-27 09:49:00,20200327  09:49:00,253.3,253.31,253.05,253.18,1724,1191,253.184,15.0,6.0,9.0,2.0,4.0,-2.0,-0.1333333333333333,-0.3333333333333333,-0.0004737465455981,-0.0018135940703358,0.0018563867604075,0.0022908602575242,9
2020-03-27 16:22:00+00:00,2020-03-27 10:22:00,20200327  10:22:00,253.45,253.66,253.28,253.31,1384,885,253.458,21.0,7.0,14.0,2.0,5.0,-3.0,-0.1428571428571428,-0.4285714285714285,-0.0005523771947129,0.0001184459886292,0.0010658876475464,0.0014211835300619,10
2020-03-27 16:57:00+00:00,2020-03-27 10:57:00,20200327  10:57:00,254.81,254.87,254.47,254.55,1525,895,254.614,14.0,3.0,11.0,0.0,3.0,-3.0,-0.2142857142857142,-1.0,-0.0008635239627899,-0.0013339087449486,0.0016499705362402,0.0042820663916713,10
2020-03-27 17:30:00+00:00,2020-03-27 11:30:00,20200327  11:30:00,254.11,254.3,253.9,254.22,2576,1491,254.132,22.0,7.0,15.0,0.0,7.0,-7.0,-0.3181818181818182,-1.0,0.0005116297374945,-0.0017669925786311,0.0018487923845487,0.0053890331209189,11
2020-03-27 18:05:00+00:00,2020-03-27 12:05:00,20200327  12:05:00,255.11,255.36,254.87,255.02,2967,1443,255.069,20.0,7.0,13.0,1.0,6.0,-5.0,-0.25,-0.7142857142857143,-0.0003136025088199,-0.0013314536340852,0.000509763940083,0.0017645674849031,12
2020-03-27 18:48:00+00:00,2020-03-27 12:48:00,20200327  12:48:00,256.38,256.45,255.89,256.06,2028,959,256.029,19.0,13.0,6.0,3.0,10.0,-7.0,-0.3684210526315789,-0.5384615384615384,-0.0010922992900053,-0.0014428888975549,0.0002343200812309,0.0027337342810278,12
2020-03-27 19:29:00+00:00,2020-03-27 13:29:00,20200327  13:29:00,260.12,260.34,259.73,259.77,5065,2386,260.044,23.0,13.0,10.0,7.0,6.0,1.0,0.0434782608695652,0.0769230769230769,-0.001230343342689,-7.69852573233587e-05,-0.000346460330292,-0.0040805327789967,13
2020-03-27 20:00:00+00:00,2020-03-27 14:00:00,20200327  14:00:00,253.39,254.05,253.3,253.41,34635,2060,253.475,24.0,10.0,14.0,1.0,9.0,-8.0,-0.3333333333333333,-0.8,0.0001183992422448,-0.0009461856889414,-0.0005919261276192,-0.0007497730949843,14
2020-03-27 20:37:00+00:00,2020-03-27 14:37:00,20200327  14:37:00,252.13,252.15,252.07,252.15,105,53,252.105,15.0,7.0,8.0,1.0,6.0,-5.0,-0.3333333333333333,-0.7142857142857143,0.0003570578433707,-0.0022554605887938,0.0,0.0009914733293674,14
2020-03-27 22:09:00+00:00,2020-03-27 16:09:00,20200327  16:09:00,252.8,252.86,252.79,252.86,22,6,252.83,15.0,1.0,14.0,0.0,1.0,-1.0,-0.0666666666666666,-1.0,0.0002373417721519,0.0002373417721519,-0.0002372854544016,0.0001581903029344,16
2020-03-27 22:58:00+00:00,2020-03-27 16:58:00,20200327  16:58:00,252.65,252.65,252.65,252.65,20,5,252.65,15.0,5.0,10.0,0.0,5.0,-5.0,-0.3333333333333333,-1.0,3.958201393294836e-05,3.958201393294836e-05,0.0,0.0001583217890361,16
2020-03-30 12:58:00+00:00,2020-03-30 06:58:00,20200330  06:58:00,255.95,256.15,255.87,256.07,328,116,256.018,13.0,6.0,7.0,2.0,4.0,-2.0,-0.1538461538461538,-0.3333333333333333,0.0004297546491638,0.0020740392893481,0.0007029327918146,0.0002343109306048,6
2020-03-30 13:40:00+00:00,2020-03-30 07:40:00,20200330  07:40:00,254.8,255.19,254.66,254.73,3208,1787,254.903,21.0,10.0,11.0,2.0,8.0,-6.0,-0.2857142857142857,-0.6,-0.0002747252747253,-0.0055824484697065,-0.0009421740666587,-0.0025909786833117,7
2020-03-30 14:36:00+00:00,2020-03-30 08:36:00,20200330  08:36:00,258.16,258.18,257.8,257.87,3337,1979,257.994,20.0,10.0,10.0,7.0,3.0,4.0,0.2,0.4,-0.0011233343662845,0.003541407222914,0.0016287276534687,0.0024430914802031,8
2020-03-30 15:16:00+00:00,2020-03-30 09:16:00,20200330  09:16:00,258.81,258.94,258.67,258.94,1859,1113,258.783,17.0,7.0,10.0,5.0,2.0,3.0,0.1764705882352941,0.4285714285714285,0.0004636426860367,0.0011599133931332,-0.0002703328956514,0.0022785201204911,9
2020-03-30 15:49:00+00:00,2020-03-30 09:49:00,20200330  09:49:00,259.24,259.57,259.1,259.1,1760,959,259.377,19.0,9.0,10.0,5.0,4.0,1.0,0.0526315789473684,0.1111111111111111,-0.0005400401172658,-0.0017722299275696,0.0008104978772673,0.0004245465071399,9
2020-03-30 16:49:00+00:00,2020-03-30 10:49:00,20200330  10:49:00,259.4,259.67,259.22,259.65,2183,1233,259.386,21.0,8.0,13.0,3.0,5.0,-2.0,-0.0952380952380952,-0.25,0.0009251763617437,0.0002311337108518,0.0011168881186212,0.0025418833044483,10
2020-03-30 17:20:00+00:00,2020-03-30 11:20:00,20200330  11:20:00,259.88,259.89,259.56,259.85,1714,1045,259.717,17.0,7.0,10.0,1.0,6.0,-5.0,-0.2941176470588235,-0.7142857142857143,-0.0001154378944127,0.0003079647380377,-0.0008851260342506,0.0001154512218586,11
2020-03-30 18:07:00+00:00,2020-03-30 12:07:00,20200330  12:07:00,258.91,259.03,258.75,258.88,2072,1235,258.877,19.0,7.0,12.0,1.0,6.0,-5.0,-0.2631578947368421,-0.7142857142857143,-0.0001158703796687,3.8629427898229096e-05,-3.8627935723067885e-05,-0.0026266996291718,12
2020-03-30 18:54:00+00:00,2020-03-30 12:54:00,20200330  12:54:00,260.71,260.87,260.45,260.47,1924,1049,260.702,21.0,8.0,13.0,7.0,1.0,6.0,0.2857142857142857,0.75,-0.000920563077749,0.0004609179950068,-0.0004607056474834,-0.0005758820593543,12
2020-03-30 19:39:00+00:00,2020-03-30 13:39:00,20200330  13:39:00,261.07,261.35,260.88,261.28,3004,1928,261.139,23.0,11.0,12.0,7.0,4.0,3.0,0.1304347826086956,0.2727272727272727,0.0007660487206986,0.0048844275220183,-0.0001530924678504,-0.0003827311696262,13
2020-03-30 20:13:00+00:00,2020-03-30 14:13:00,20200330  14:13:00,261.27,261.3,261.11,261.2,368,103,261.21,15.0,6.0,9.0,4.0,2.0,2.0,0.1333333333333333,0.3333333333333333,-7.656381594078887e-05,-0.000153115908743,0.0011485451761104,0.0014548238897396,14
2020-03-30 21:33:00+00:00,2020-03-30 15:33:00,20200330  15:33:00,261.85,261.85,261.81,261.81,5,3,261.836,19.0,9.0,10.0,2.0,7.0,-5.0,-0.2631578947368421,-0.5555555555555556,-0.0001527592132901,-0.0003436426116837,0.0,0.0001527825522327,15
2020-03-30 22:10:00+00:00,2020-03-30 16:10:00,20200330  16:10:00,261.88,261.88,261.65,261.65,10,5,261.737,15.0,5.0,10.0,4.0,1.0,3.0,0.2,0.6,-0.0005729564553095,0.0,0.0008025988916493,0.0010319128606919,16
2020-03-30 22:52:00+00:00,2020-03-30 16:52:00,20200330  16:52:00,261.98,261.99,261.9,261.9,203,51,261.97,14.0,10.0,4.0,7.0,3.0,4.0,0.2857142857142857,0.4,-0.0006486816499409,-0.0016772127773119,-0.0001909125620463,7.636502481878082e-05,16
2020-03-30 23:38:00+00:00,2020-03-30 17:38:00,20200330  17:38:00,262.02,262.02,261.95,261.96,17,10,261.989,18.0,7.0,11.0,3.0,4.0,-1.0,-0.0555555555555555,-0.1428571428571428,-0.0002289901534233,0.0004200878365474,0.0003053901358986,-0.0005726065048098,17
2020-03-31 12:33:00+00:00,2020-03-31 06:33:00,20200331  06:33:00,259.56,259.56,259.2,259.49,506,149,259.418,15.0,7.0,8.0,4.0,3.0,1.0,0.0666666666666666,0.1428571428571428,-0.0004237288135593,0.0023563040791101,-0.000578056957879,-0.0012331881768082,6
2020-03-31 13:39:00+00:00,2020-03-31 07:39:00,20200331  07:39:00,259.49,260.26,259.41,259.88,3559,2460,259.793,19.0,10.0,9.0,2.0,8.0,-6.0,-0.3157894736842105,-0.6,0.0014643545279382,-0.0016135228582405,0.0008850238571649,0.0,7
2020-03-31 14:20:00+00:00,2020-03-31 08:20:00,20200331  08:20:00,262.69,262.84,262.5,262.83,2949,1516,262.664,22.0,7.0,15.0,6.0,1.0,5.0,0.2272727272727272,0.7142857142857143,0.0003806188863089,0.0025939347701697,-0.0003043792565535,-0.0023589392382908,8
2020-03-31 14:53:00+00:00,2020-03-31 08:53:00,20200331  08:53:00,262.84,262.85,262.34,262.5,1954,1130,262.579,19.0,3.0,16.0,3.0,0.0,3.0,0.1578947368421052,1.0,-0.0012555644332837,-0.000342739632126,-0.0004571428571428,-0.0023238095238096,8
2020-03-31 15:32:00+00:00,2020-03-31 09:32:00,20200331  09:32:00,262.87,262.99,262.65,262.89,1648,978,262.835,17.0,10.0,7.0,3.0,7.0,-4.0,-0.2352941176470588,-0.4,7.608323505903236e-05,0.0012568555758682,0.0011411617026133,-0.0003803872342043,9
2020-03-31 16:32:00+00:00,2020-03-31 10:32:00,20200331  10:32:00,260.12,260.31,259.69,259.83,5139,3010,259.953,20.0,12.0,8.0,2.0,10.0,-8.0,-0.4,-0.6666666666666666,-0.0011148700599723,-0.0009612426945555,-0.0002694069199091,-7.697340568824096e-05,10
2020-03-31 17:22:00+00:00,2020-03-31 11:22:00,20200331  11:22:00,258.09,258.55,258.05,258.5,2491,1614,258.342,18.0,4.0,14.0,0.0,4.0,-4.0,-0.2222222222222222,-1.0,0.0015885931264287,-0.0020846201358863,0.0005802707930366,0.0016247582205028,11
2020-03-31 17:59:00+00:00,2020-03-31 11:59:00,20200331  11:59:00,260.14,260.29,260.04,260.1,1428,868,260.164,17.0,10.0,7.0,7.0,3.0,4.0,0.2352941176470588,0.4,-0.0001537633581916,0.0034335095096642,-0.001191849288735,-0.000884275278739,11
2020-03-31 18:39:00+00:00,2020-03-31 12:39:00,20200331  12:39:00,260.44,260.56,260.31,260.41,2817,1705,260.465,16.0,5.0,11.0,2.0,3.0,-1.0,-0.0625,-0.2,-7.67960680412294e-05,0.002000846511986,-0.0003456088475866,-0.0008448216274337,12
2020-03-31 19:14:00+00:00,2020-03-31 13:14:00,20200331  13:14:00,258.17,258.22,257.56,257.95,7381,3861,257.847,24.0,15.0,9.0,1.0,14.0,-13.0,-0.5416666666666666,-0.8666666666666667,-0.0008521516829996,-0.0048225308641974,0.0009304128707114,-0.0024811009885635,13
2020-03-31 19:53:00+00:00,2020-03-31 13:53:00,20200331  13:53:00,257.76,258.16,257.35,257.88,8025,4558,257.784,22.0,6.0,16.0,2.0,4.0,-2.0,-0.0909090909090909,-0.3333333333333333,0.0004655493482308,0.0027218290691344,0.000310221808593,-0.0018613308515589,13
2020-03-31 20:36:00+00:00,2020-03-31 14:36:00,20200331  14:36:00,256.16,256.33,256.1,256.25,127,44,256.189,14.0,7.0,7.0,1.0,6.0,-5.0,-0.3571428571428571,-0.7142857142857143,0.000585708707536,-0.0015585427625169,0.0001951219512195,0.0037463414634144,14
2020-03-31 21:49:00+00:00,2020-03-31 15:49:00,20200331  15:49:00,256.9,256.98,256.83,256.9,9,5,256.896,17.0,7.0,10.0,0.0,7.0,-7.0,-0.4117647058823529,-1.0,3.892716727005307e-05,-0.0005446623093683,0.0,-0.0003892565200466,15
2020-03-31 22:34:00+00:00,2020-03-31 16:34:00,20200331  16:34:00,254.44,254.5,254.3,254.5,130,49,254.412,23.0,10.0,13.0,0.0,10.0,-10.0,-0.4347826086956521,-1.0,0.0001178920894409,-0.0029773564209041,-0.0006286836935166,0.0014538310412572,16
2020-03-31 23:20:00+00:00,2020-03-31 17:20:00,20200331  17:20:00,254.45,254.54,254.24,254.35,377,89,254.322,19.0,6.0,13.0,1.0,5.0,-4.0,-0.2105263157894736,-0.6666666666666666,-0.0003930045195519,-0.0014525753768844,-0.0001965795164142,-3.931590328287715e-05,17
2020-04-01 12:44:00+00:00,2020-04-01 06:44:00,20200401  06:44:00,248.65,248.97,248.64,248.91,671,151,248.781,16.0,7.0,9.0,5.0,2.0,3.0,0.1875,0.4285714285714285,0.0011261714193782,0.0021338272002575,0.0008436784379897,-0.0011650797476999,6
2020-04-01 13:22:00+00:00,2020-04-01 07:22:00,20200401  07:22:00,247.75,247.87,247.75,247.81,423,142,247.808,18.0,8.0,10.0,2.0,6.0,-4.0,-0.2222222222222222,-0.5,0.0001614400452032,-0.0013701390288132,-0.0008070699326095,-0.0011298979056535,7
2020-04-01 13:56:00+00:00,2020-04-01 07:56:00,20200401  07:56:00,249.27,249.38,249.0,249.13,2574,1666,249.22,17.0,6.0,11.0,2.0,4.0,-2.0,-0.1176470588235294,-0.3333333333333333,-0.0004413416787033,-0.0008422234699607,0.0005619556055072,-0.0024485208525668,7
2020-04-01 14:38:00+00:00,2020-04-01 08:38:00,20200401  08:38:00,250.09,250.39,250.06,250.12,2994,1411,250.21,19.0,8.0,11.0,3.0,5.0,-2.0,-0.1052631578947368,-0.25,7.996801279497312e-05,-0.000599352699085,-0.0011594434671357,-0.0010794818487126,8
2020-04-01 15:13:00+00:00,2020-04-01 09:13:00,20200401  09:13:00,251.08,251.08,250.88,250.96,2120,1084,250.972,19.0,13.0,6.0,3.0,10.0,-7.0,-0.3684210526315789,-0.5384615384615384,-0.0005177426420804,0.0001594133588396,3.984698756775984e-05,0.0005578578259481,9
2020-04-01 16:06:00+00:00,2020-04-01 10:06:00,20200401  10:06:00,248.31,248.33,248.05,248.2,2399,1264,248.189,17.0,7.0,10.0,3.0,4.0,-1.0,-0.0588235294117647,-0.1428571428571428,-0.0003624793588142,-0.0004832474226804,-0.0007252215954873,4.029008863826178e-05,10
2020-04-01 16:47:00+00:00,2020-04-01 10:47:00,20200401  10:47:00,246.36,246.47,246.06,246.4,3985,2239,246.265,22.0,9.0,13.0,0.0,9.0,-9.0,-0.4090909090909091,-1.0,0.0001623640201331,0.0002435658033612,-0.0016233766233766,-0.0006087662337662,10
2020-04-01 17:25:00+00:00,2020-04-01 11:25:00,20200401  11:25:00,247.38,247.55,247.26,247.47,4184,2203,247.447,17.0,11.0,6.0,5.0,6.0,-1.0,-0.0588235294117647,-0.0909090909090909,0.0003233760459193,0.0022680328864768,-0.0019396290459449,-0.0029902614458318,11
2020-04-01 18:09:00+00:00,2020-04-01 12:09:00,20200401  12:09:00,248.48,248.53,248.08,248.12,2714,1580,248.298,19.0,7.0,12.0,3.0,4.0,-1.0,-0.0526315789473684,-0.1428571428571428,-0.001488993520866,-0.0006444337038826,0.0004433338707077,-0.0016927293245204,12
2020-04-01 18:42:00+00:00,2020-04-01 12:42:00,20200401  12:42:00,246.95,247.11,246.68,246.83,1506,806,246.861,15.0,8.0,7.0,2.0,6.0,-4.0,-0.2666666666666666,-0.5,-0.0005668704700975,4.0515355319792334e-05,8.102742778426375e-05,0.000324109711137,12
2020-04-01 19:27:00+00:00,2020-04-01 13:27:00,20200401  13:27:00,245.11,245.28,245.07,245.18,3459,1995,245.147,26.0,16.0,10.0,0.0,16.0,-16.0,-0.6153846153846154,-1.0,0.0002447780678851,-0.0017507430479215,-0.000285504527286,0.0009788726649806,13
2020-04-01 20:05:00+00:00,2020-04-01 14:05:00,20200401  14:05:00,246.0,246.07,245.85,246.07,888,200,245.961,21.0,9.0,12.0,3.0,6.0,-3.0,-0.1428571428571428,-0.3333333333333333,0.0001219313932694,0.0012613932291667,-0.0015442760190189,-0.0025196082415572,14
2020-04-01 21:47:00+00:00,2020-04-01 15:47:00,20200401  15:47:00,246.0,246.0,245.95,245.95,9,5,245.994,19.0,6.0,13.0,1.0,5.0,-4.0,-0.2105263157894736,-0.6666666666666666,-0.0002032520325203,-8.13107289506787e-05,0.0,0.0001219760113844,15
2020-04-01 22:29:00+00:00,2020-04-01 16:29:00,20200401  16:29:00,247.26,247.28,247.0,247.0,282,73,247.095,18.0,8.0,10.0,3.0,5.0,-2.0,-0.1111111111111111,-0.25,-0.0011323196376576,-0.0028259991925716,0.0,0.0,16
2020-04-01 23:05:00+00:00,2020-04-01 17:05:00,20200401  17:05:00,246.46,246.52,246.45,246.52,43,15,246.462,14.0,6.0,8.0,4.0,2.0,2.0,0.1428571428571428,0.3333333333333333,0.0001217087914318,-0.0001216791725816,-0.0005273405808859,-0.0007707285412947,17
2020-04-01 23:49:00+00:00,2020-04-01 17:49:00,20200401  17:49:00,247.55,247.55,247.4,247.4,36,25,247.472,14.0,5.0,9.0,2.0,3.0,-1.0,-0.0714285714285714,-0.2,-0.0007673977139626,0.0002830226822463,-4.042037186746672e-05,4.04203718673557e-05,17
2020-04-02 12:45:00+00:00,2020-04-02 06:45:00,20200402  06:45:00,246.55,246.95,246.51,246.95,561,144,246.769,25.0,13.0,12.0,3.0,10.0,-7.0,-0.28,-0.5384615384615384,0.0013380909901872,0.0036577931314771,-0.0010123506782749,-0.0010123506782749,6
2020-04-02 13:35:00+00:00,2020-04-02 07:35:00,20200402  07:35:00,247.09,248.03,247.07,247.63,8585,4581,247.603,23.0,13.0,10.0,7.0,6.0,1.0,0.0434782608695652,0.0769230769230769,0.0021448806151356,0.0061352185925565,-0.0023422040948187,-0.0016153131688406,7
2020-04-02 14:10:00+00:00,2020-04-02 08:10:00,20200402  08:10:00,247.79,248.29,247.74,248.23,5484,2927,248.068,23.0,8.0,15.0,4.0,4.0,0.0,0.0,0.0,0.0018565605198368,0.0066507157630073,-0.0005639930709422,-0.0015711235547677,8
2020-04-02 14:42:00+00:00,2020-04-02 08:42:00,20200402  08:42:00,250.95,251.27,250.76,250.77,6718,3716,250.997,24.0,6.0,18.0,2.0,4.0,-2.0,-0.0833333333333333,-0.3333333333333333,-0.0007172743574416,-0.0048414619627763,-0.0004386489611996,-0.0030306655501057,8
2020-04-02 15:14:00+00:00,2020-04-02 09:14:00,20200402  09:14:00,249.95,249.95,249.54,249.72,2484,1398,249.739,20.0,6.0,14.0,1.0,5.0,-4.0,-0.2,-0.6666666666666666,-0.0009201840368072,-0.0013197360527894,0.0023226013134711,0.0032836777190452,9
2020-04-02 16:01:00+00:00,2020-04-02 10:01:00,20200402  10:01:00,250.61,250.92,250.39,250.89,1967,1102,250.663,16.0,5.0,11.0,0.0,5.0,-5.0,-0.3125,-1.0,0.0009974465368656,-0.0010352379056342,-0.0004384391566024,0.0022320538881581,10
2020-04-02 17:11:00+00:00,2020-04-02 11:11:00,20200402  11:11:00,249.55,249.88,249.54,249.63,2533,1120,249.701,21.0,11.0,10.0,0.0,11.0,-11.0,-0.5238095238095238,-1.0,0.0002804936688571,-0.0040296840089371,-0.0006409486039338,-0.0021632015382766,11
2020-04-02 18:11:00+00:00,2020-04-02 12:11:00,20200402  12:11:00,246.55,246.64,246.25,246.48,2524,1235,246.433,21.0,9.0,12.0,2.0,7.0,-5.0,-0.238095238095238,-0.5555555555555556,-0.000243368216111,-0.002307225258045,-0.0003245699448229,0.0027994157740993,12
2020-04-02 18:49:00+00:00,2020-04-02 12:49:00,20200402  12:49:00,247.57,247.57,247.16,247.26,1076,658,247.287,19.0,8.0,11.0,1.0,7.0,-6.0,-0.3157894736842105,-0.75,-0.0010907768755302,0.0004855547462976,4.044325810892424e-05,0.0045296449081937,12
2020-04-02 19:45:00+00:00,2020-04-02 13:45:00,20200402  13:45:00,250.44,250.83,250.24,250.61,5288,2912,250.564,24.0,11.0,13.0,3.0,8.0,-5.0,-0.2083333333333333,-0.4545454545454545,0.0006788053026673,0.0056177520966254,-0.0020749371533458,0.0037907505686125,13
2020-04-02 20:17:00+00:00,2020-04-02 14:17:00,20200402  14:17:00,252.18,252.21,252.05,252.09,65,36,252.114,15.0,9.0,6.0,3.0,6.0,-3.0,-0.2,-0.3333333333333333,0.0003174477203287,-0.0005946717411988,3.9668372406653774e-05,-0.0005553572136935,14
2020-04-02 21:28:00+00:00,2020-04-02 15:28:00,20200402  15:28:00,251.78,251.8,251.77,251.8,12,4,251.795,14.0,2.0,12.0,0.0,2.0,-2.0,-0.1428571428571428,-1.0,0.0,-3.971248163292529e-05,-0.0005957108816521,-0.0004368546465449,15
2020-04-02 22:05:00+00:00,2020-04-02 16:05:00,20200402  16:05:00,251.45,251.69,251.45,251.69,62,21,251.542,17.0,6.0,11.0,0.0,6.0,-6.0,-0.3529411764705882,-1.0,0.000755467196819,0.000755467196819,-0.0001986570781516,0.0020263021971471,16
2020-04-02 22:46:00+00:00,2020-04-02 16:46:00,20200402  16:46:00,251.72,251.76,251.6,251.6,40,18,251.652,15.0,5.0,10.0,2.0,3.0,-1.0,-0.0666666666666666,-0.2,-0.0003972983710766,-0.0012305982295264,0.0003974562798092,0.0013910969793322,16
2020-04-02 23:52:00+00:00,2020-04-02 17:52:00,20200402  17:52:00,250.76,250.84,250.76,250.84,31,13,250.808,14.0,8.0,6.0,4.0,4.0,0.0,0.0,0.0,0.0001993699908289,0.0010775432015006,-0.0003189284005741,-0.0005581247010046,17
2020-04-03 12:33:00+00:00,2020-04-03 06:33:00,20200403  06:33:00,250.24,251.26,250.24,251.19,1570,443,250.752,22.0,9.0,13.0,4.0,5.0,-1.0,-0.0454545454545454,-0.1111111111111111,0.0037963554987212,0.00407722748531,0.0011545045583023,0.0018312830924798,6
2020-04-03 13:05:00+00:00,2020-04-03 07:05:00,20200403  07:05:00,252.17,252.36,252.11,252.3,329,79,252.224,16.0,8.0,8.0,1.0,7.0,-6.0,-0.375,-0.75,0.0005948839976204,0.0035001193222496,-0.0009512485136742,-0.0051129607609988,7
2020-04-03 13:43:00+00:00,2020-04-03 07:43:00,20200403  07:43:00,252.92,253.04,252.65,252.87,5503,2731,252.899,24.0,11.0,13.0,6.0,5.0,1.0,0.0416666666666666,0.0909090909090909,-0.00023721978413,0.0054473161033796,-0.0006722822003402,-0.0035986870724087,7
2020-04-03 14:39:00+00:00,2020-04-03 08:39:00,20200403  08:39:00,249.04,249.25,248.89,249.2,3974,1770,249.047,22.0,11.0,11.0,0.0,11.0,-11.0,-0.5,-1.0,0.0005621135469364,-0.0018025235329461,0.0007624398073835,0.0014847512038522,8
2020-04-03 15:19:00+00:00,2020-04-03 09:19:00,20200403  09:19:00,248.75,248.92,248.55,248.88,2152,1134,248.71,20.0,10.0,10.0,4.0,6.0,-2.0,-0.1,-0.2,0.0005226130653266,0.0002813391744704,-0.0006830601092895,-0.0033349405335904,9
2020-04-03 15:55:00+00:00,2020-04-03 09:55:00,20200403  09:55:00,247.75,248.14,247.68,248.13,5597,1603,247.973,18.0,11.0,7.0,6.0,5.0,1.0,0.0555555555555555,0.0909090909090909,0.0014529604068289,0.0017359709325797,0.0002015072744125,0.0004030145488251,9
2020-04-03 16:31:00+00:00,2020-04-03 10:31:00,20200403  10:31:00,247.42,247.5,247.25,247.37,1610,891,247.331,24.0,7.0,17.0,2.0,5.0,-3.0,-0.125,-0.4285714285714285,-0.0002424928262538,0.0031224655312247,-0.0018191373246554,-0.0003234021910498,10
2020-04-03 17:08:00+00:00,2020-04-03 11:08:00,20200403  11:08:00,247.77,247.98,247.69,247.93,790,368,247.865,15.0,6.0,9.0,2.0,4.0,-2.0,-0.1333333333333333,-0.3333333333333333,0.0006053757365405,0.0010093669250645,0.0006050094784817,-0.0024200379139273,11
2020-04-03 17:43:00+00:00,2020-04-03 11:43:00,20200403  11:43:00,245.83,245.89,245.7,245.81,860,414,245.802,24.0,12.0,12.0,0.0,12.0,-12.0,-0.5,-1.0,-8.135703534972727e-05,-0.0012189671285197,0.001423863959969,0.0023595459908059,11
2020-04-03 18:17:00+00:00,2020-04-03 12:17:00,20200403  12:17:00,245.32,245.69,245.31,245.46,1438,818,245.494,15.0,3.0,12.0,0.0,3.0,-3.0,-0.2,-1.0,0.0005298985040558,0.000244498777506,0.0,0.0020777316059643,12
2020-04-03 18:55:00+00:00,2020-04-03 12:55:00,20200403  12:55:00,247.08,247.31,247.05,247.16,1474,854,247.186,19.0,12.0,7.0,7.0,5.0,2.0,0.1052631578947368,0.1666666666666666,0.0003237817710861,0.0022302420826405,0.0004450558342774,0.0023466580352808,12
2020-04-03 19:31:00+00:00,2020-04-03 13:31:00,20200403  13:31:00,247.7,247.84,247.29,247.32,2551,1216,247.489,21.0,11.0,10.0,4.0,7.0,-3.0,-0.1428571428571428,-0.2727272727272727,-0.0015341138473959,0.0018634043587457,-0.0006065016982047,-0.0008491023774865,13
2020-04-03 20:03:00+00:00,2020-04-03 14:03:00,20200403  14:03:00,248.19,248.33,248.17,248.32,1007,349,248.273,16.0,6.0,10.0,2.0,4.0,-2.0,-0.125,-0.3333333333333333,0.0005237922559329,0.0013306988185006,0.000523518041237,0.001490012886598,14
2020-04-03 21:42:00+00:00,2020-04-03 15:42:00,20200403  15:42:00,248.4,248.4,248.4,248.4,6,4,248.4,16.0,7.0,9.0,1.0,6.0,-5.0,-0.3125,-0.7142857142857143,-8.050881571519675e-05,-0.0002414875633904,0.0001207729468599,-0.000402576489533,15
2020-04-03 22:25:00+00:00,2020-04-03 16:25:00,20200403  16:25:00,248.05,248.05,248.01,248.02,51,14,248.026,17.0,7.0,10.0,0.0,7.0,-7.0,-0.4117647058823529,-1.0,-0.0001209433581939,-0.0007252215954873,0.0001612773163455,-4.031932908643565e-05,16
2020-04-06 14:03:00+00:00,2020-04-06 08:03:00,20200406  08:03:00,260.41,260.43,259.92,260.1,3696,1924,260.205,25.0,15.0,10.0,10.0,5.0,5.0,0.2,0.3333333333333333,-0.0012287842715612,0.0018874465544471,-0.0006151480199924,-0.0015378700499809,8
2020-04-06 14:35:00+00:00,2020-04-06 08:35:00,20200406  08:35:00,259.53,259.77,259.48,259.6,2340,1188,259.628,19.0,7.0,12.0,5.0,2.0,3.0,0.1578947368421052,0.4285714285714285,0.0002697183369939,0.0009253547193091,-0.000346687211094,0.0012326656394452,8
2020-04-06 15:42:00+00:00,2020-04-06 09:42:00,20200406  09:42:00,260.41,260.55,260.38,260.55,2072,1099,260.469,16.0,8.0,8.0,4.0,4.0,0.0,0.0,0.0,0.0004991936103218,0.0029254397782825,0.0002686624448282,0.0010362694300516,9
2020-04-06 16:15:00+00:00,2020-04-06 10:15:00,20200406  10:15:00,261.66,261.67,261.5,261.63,2726,1513,261.579,18.0,7.0,11.0,5.0,2.0,3.0,0.1666666666666666,0.4285714285714285,-0.0001146526026142,0.0017996630418133,-0.0004586629973627,0.0014142109085348,10
2020-04-06 17:05:00+00:00,2020-04-06 11:05:00,20200406  11:05:00,262.0,262.02,261.89,261.93,1068,560,261.952,20.0,10.0,10.0,3.0,7.0,-4.0,-0.2,-0.4,-0.000267175572519,-0.0020193553303359,0.0004963158095674,0.0008780972015425,11
2020-04-06 17:48:00+00:00,2020-04-06 11:48:00,20200406  11:48:00,262.69,262.82,262.67,262.77,3057,1267,262.74,19.0,6.0,13.0,4.0,2.0,2.0,0.1052631578947368,0.3333333333333333,0.0002664636467453,0.0009904384594872,0.0001141682840508,0.0001522243787344,11
2020-04-06 18:23:00+00:00,2020-04-06 12:23:00,20200406  12:23:00,261.39,261.73,261.35,261.62,2224,1139,261.583,15.0,4.0,11.0,1.0,3.0,-2.0,-0.1333333333333333,-0.5,0.0008799112437354,0.0002293928735279,0.0007644675483524,0.0,12
2020-04-06 19:08:00+00:00,2020-04-06 13:08:00,20200406  13:08:00,263.0,263.15,262.87,262.9,6124,2807,263.022,25.0,14.0,11.0,5.0,9.0,-4.0,-0.16,-0.2857142857142857,-0.0003802281368822,0.002058240585455,0.000494484594903,-0.0015975656143019,13
2020-04-06 19:53:00+00:00,2020-04-06 13:53:00,20200406  13:53:00,265.25,265.52,265.22,265.38,14184,7712,265.399,22.0,9.0,13.0,8.0,1.0,7.0,0.3181818181818182,0.7777777777777778,0.0004901036757776,0.0083209848398495,0.0037681814756198,0.0019594543673222,13
2020-04-06 20:38:00+00:00,2020-04-06 14:38:00,20200406  14:38:00,265.0,265.02,264.77,264.77,182,58,264.951,14.0,8.0,6.0,0.0,8.0,-8.0,-0.5714285714285714,-1.0,-0.0007925126424637,-0.000490751226878,0.0003399176643881,0.0001888431468821,14
2020-04-06 22:04:00+00:00,2020-04-06 16:04:00,20200406  16:04:00,264.19,264.32,264.13,264.19,129,48,264.206,16.0,4.0,12.0,1.0,3.0,-2.0,-0.125,-0.5,0.0,-0.002491976590523,0.0010598432945987,0.0002271092774139,16
2020-04-06 22:36:00+00:00,2020-04-06 16:36:00,20200406  16:36:00,263.91,264.03,263.86,264.03,23,8,263.95,23.0,6.0,17.0,2.0,4.0,-2.0,-0.0869565217391304,-0.3333333333333333,0.0002651916957114,7.57547062610886e-05,-0.0004166193235615,0.0006817407112829,16
2020-04-06 23:21:00+00:00,2020-04-06 17:21:00,20200406  17:21:00,265.53,265.68,265.39,265.4,205,66,265.521,17.0,7.0,10.0,5.0,2.0,3.0,0.1764705882352941,0.4285714285714285,-0.000376647834275,0.0035164668960561,0.0005651846269782,-0.00120572720422,17
2020-04-07 12:54:00+00:00,2020-04-07 06:54:00,20200407  06:54:00,272.95,273.08,272.8,272.8,373,104,272.99,15.0,6.0,9.0,3.0,3.0,0.0,0.0,0.0,-0.0007326007326007,-0.0014275778762032,0.0005865102639295,0.0024560117302052,6
2020-04-07 13:41:00+00:00,2020-04-07 07:41:00,20200407  07:41:00,272.29,272.47,272.13,272.27,6670,2801,272.312,20.0,10.0,10.0,4.0,6.0,-2.0,-0.1,-0.2,-7.345109993039944e-05,-0.0038052028831729,0.0013589451647262,0.0030484445587102,7
2020-04-07 14:17:00+00:00,2020-04-07 08:17:00,20200407  08:17:00,269.7,270.55,269.69,270.44,8441,3667,270.158,26.0,15.0,11.0,0.0,15.0,-15.0,-0.5769230769230769,-1.0,0.0027809707441877,-0.0019927669938741,0.0002958142286644,-0.0022555834935661,8
2020-04-07 14:57:00+00:00,2020-04-07 08:57:00,20200407  08:57:00,269.14,269.3,268.81,269.11,2052,1348,269.091,22.0,7.0,15.0,4.0,3.0,1.0,0.0454545454545454,0.1428571428571428,-3.715814506533022e-05,0.0011905204806725,0.0019694548697557,-0.0015978596113114,8
2020-04-07 15:34:00+00:00,2020-04-07 09:34:00,20200407  09:34:00,271.51,271.58,271.2,271.38,2025,1065,271.375,17.0,9.0,8.0,3.0,6.0,-3.0,-0.1764705882352941,-0.3333333333333333,-0.0004788037273028,0.0007744219493306,0.0003684869924092,0.003021593337755,9
2020-04-07 16:10:00+00:00,2020-04-07 10:10:00,20200407  10:10:00,273.35,273.35,272.91,273.0,2688,1316,273.125,18.0,3.0,15.0,0.0,3.0,-3.0,-0.1666666666666666,-1.0,-0.0012073317967291,0.0001831837332846,0.0002564102564102,0.0012454212454211,10
2020-04-07 16:44:00+00:00,2020-04-07 10:44:00,20200407  10:44:00,272.9,272.91,272.67,272.8,1669,1076,272.773,17.0,10.0,7.0,3.0,7.0,-4.0,-0.2352941176470588,-0.4,-0.0004030632809352,0.0011009174311926,0.0005498533724339,0.0008797653958945,10
2020-04-07 17:33:00+00:00,2020-04-07 11:33:00,20200407  11:33:00,271.95,271.97,271.6,271.65,1413,885,271.756,14.0,11.0,3.0,1.0,10.0,-9.0,-0.6428571428571429,-0.8181818181818182,-0.0012133245091552,-0.0004783280594597,3.6812074360570435e-05,-0.000478556966685,11
2020-04-07 18:06:00+00:00,2020-04-07 12:06:00,20200407  12:06:00,269.83,269.86,269.56,269.6,3141,1385,269.71,17.0,5.0,12.0,1.0,4.0,-3.0,-0.1764705882352941,-0.6,-0.0008153583870728,-0.003585024208153,-0.0006676557863501,0.0017433234421364,12
2020-04-07 18:42:00+00:00,2020-04-07 12:42:00,20200407  12:42:00,268.05,268.15,267.71,267.88,4095,1756,267.927,23.0,12.0,11.0,1.0,11.0,-10.0,-0.4347826086956521,-0.8333333333333334,-0.0005596388463977,-0.0040895233846383,-0.0006346125130656,-0.000597282365238,12
2020-04-07 19:26:00+00:00,2020-04-07 13:26:00,20200407  13:26:00,266.37,266.9,266.19,266.81,6099,2748,266.628,23.0,13.0,10.0,2.0,11.0,-9.0,-0.391304347826087,-0.6923076923076923,0.0016518376694072,0.001501445140948,0.000712117236985,-0.0005996776732507,13
2020-04-07 20:02:00+00:00,2020-04-07 14:02:00,20200407  14:02:00,264.71,264.81,264.31,264.34,2481,889,264.587,22.0,6.0,16.0,1.0,5.0,-4.0,-0.1818181818181818,-0.6666666666666666,-0.0016617569302816,-0.0066140548665917,-0.0007187712794128,-0.0008322614814253,14
2020-04-07 20:51:00+00:00,2020-04-07 14:51:00,20200407  14:51:00,264.24,264.43,264.22,264.3,294,74,264.296,14.0,6.0,8.0,1.0,5.0,-4.0,-0.2857142857142857,-0.6666666666666666,0.0001892147587512,0.0021993022903077,-0.0011350737797957,-0.001589103291714,14
2020-04-07 22:12:00+00:00,2020-04-07 16:12:00,20200407  16:12:00,263.21,263.33,263.0,263.3,282,78,263.133,26.0,12.0,14.0,3.0,9.0,-6.0,-0.2307692307692307,-0.5,0.0003799392097265,-0.0029158935130836,0.0,0.0011393847322447,16
2020-04-07 23:07:00+00:00,2020-04-07 17:07:00,20200407  17:07:00,263.71,263.79,263.71,263.79,23,7,263.774,14.0,9.0,5.0,2.0,7.0,-5.0,-0.3571428571428571,-0.5555555555555556,0.0001516587677725,0.0014426179719828,-0.0007202699116721,0.0,17
2020-04-07 23:49:00+00:00,2020-04-07 17:49:00,20200407  17:49:00,265.84,266.0,265.84,265.99,499,91,265.854,14.0,4.0,10.0,3.0,1.0,2.0,0.1428571428571428,0.5,0.0006018884249332,0.0013929673970334,-0.0003007631865858,-0.0030076318658596,17
2020-04-08 13:34:00+00:00,2020-04-08 07:34:00,20200408  07:34:00,267.78,267.97,267.32,267.9,3041,1754,267.59,15.0,8.0,7.0,0.0,8.0,-8.0,-0.5333333333333333,-1.0,0.0004107696329211,-0.0003358334266204,0.0008212019410229,-0.0001866368047777,7
2020-04-08 14:10:00+00:00,2020-04-08 08:10:00,20200408  08:10:00,265.9,266.47,265.9,266.44,3199,1488,266.256,19.0,9.0,10.0,4.0,5.0,-1.0,-0.0526315789473684,-0.1111111111111111,0.0021062133293214,0.001917797916745,0.0003002552169344,0.001276084671971,8
2020-04-08 14:42:00+00:00,2020-04-08 08:42:00,20200408  08:42:00,267.58,267.58,267.1,267.27,2880,1292,267.343,13.0,11.0,2.0,2.0,9.0,-7.0,-0.5384615384615384,-0.6363636363636364,-0.0011585320278048,-0.002090878542359,-0.0001122460433268,0.0022823362143151,8
2020-04-08 15:13:00+00:00,2020-04-08 09:13:00,20200408  09:13:00,269.74,269.74,269.57,269.66,2782,1296,269.654,21.0,10.0,11.0,6.0,4.0,2.0,0.0952380952380952,0.2,-0.0002595187780373,0.0034607226584304,-0.0002225024104427,0.0008529259066971,9
2020-04-08 15:48:00+00:00,2020-04-08 09:48:00,20200408  09:48:00,271.5,271.72,271.48,271.63,2509,1123,271.626,23.0,11.0,12.0,7.0,4.0,3.0,0.1304347826086956,0.2727272727272727,0.0004419726713564,0.0008474576271186,-0.0008099252659866,-0.0025770349372307,9
2020-04-08 16:20:00+00:00,2020-04-08 10:20:00,20200408  10:20:00,271.39,271.49,271.2,271.47,2126,1064,271.332,22.0,11.0,11.0,7.0,4.0,3.0,0.1363636363636363,0.2727272727272727,0.0002947787317146,0.0017343173431736,-0.0004052013113788,-0.0006262202084945,10
2020-04-08 16:51:00+00:00,2020-04-08 10:51:00,20200408  10:51:00,271.77,271.96,271.68,271.93,2105,1116,271.806,17.0,11.0,6.0,5.0,6.0,-1.0,-0.0588235294117647,-0.0909090909090909,0.0005519169916845,-0.0004778357715209,-0.0002206450189387,-0.0020593535100945,10
2020-04-08 17:35:00+00:00,2020-04-08 11:35:00,20200408  11:35:00,270.98,271.0,270.49,270.65,5410,2345,270.634,22.0,8.0,14.0,1.0,7.0,-6.0,-0.2727272727272727,-0.75,-0.0012178020518121,-0.0030205915939147,-0.0007759098466653,0.0002216885276187,11
2020-04-08 18:13:00+00:00,2020-04-08 12:13:00,20200408  12:13:00,271.51,271.86,271.51,271.84,1392,683,271.669,21.0,5.0,16.0,1.0,4.0,-3.0,-0.1428571428571428,-0.6,0.0012154248462303,0.001990416513085,-0.000956444967628,0.0006253678634491,12
2020-04-08 19:05:00+00:00,2020-04-08 13:05:00,20200408  13:05:00,274.13,274.16,273.78,273.85,2834,1369,273.987,22.0,10.0,12.0,5.0,5.0,0.0,0.0,0.0,-0.0009849700860936,0.0004018411631474,0.0002556143874383,0.0013145882782543,13
2020-04-08 19:41:00+00:00,2020-04-08 13:41:00,20200408  13:41:00,272.41,272.62,272.15,272.59,8775,3983,272.406,26.0,11.0,15.0,2.0,9.0,-7.0,-0.2692307692307692,-0.6363636363636364,0.0006240364143599,-0.0023423489367933,0.0013940349976155,0.0031182361788768,13
2020-04-08 20:15:00+00:00,2020-04-08 14:15:00,20200408  14:15:00,273.74,274.03,273.74,273.85,630,68,273.957,19.0,5.0,14.0,2.0,3.0,-1.0,-0.0526315789473684,-0.2,0.0004018411631474,-0.0006568623873296,0.0001095490231877,0.0003286470695635,14
2020-04-08 21:05:00+00:00,2020-04-08 15:05:00,20200408  15:05:00,274.05,274.1,274.03,274.04,17,9,274.073,15.0,5.0,10.0,0.0,5.0,-5.0,-0.3333333333333333,-1.0,7.298737318461868e-05,-0.0005470659032057,0.0,0.0,15
2020-04-08 21:52:00+00:00,2020-04-08 15:52:00,20200408  15:52:00,273.9,273.9,273.89,273.89,4,4,273.898,14.0,5.0,9.0,2.0,3.0,-1.0,-0.0714285714285714,-0.2,-0.0001460227065309,0.0,0.0001460440322758,7.302201613801351e-05,15
2020-04-08 22:38:00+00:00,2020-04-08 16:38:00,20200408  16:38:00,273.44,273.45,273.41,273.41,33,7,273.424,16.0,6.0,10.0,1.0,5.0,-4.0,-0.25,-0.6666666666666666,-0.0001097132826213,0.0001829089844893,0.0008412274605902,-7.315021396447907e-05,16
