,abs_forward_return_5m,volume,forward_return_5m
tweet_count,0.28401365092475367,0.4716852554555784,0.0025327602469548695
labeled_count,0.25010613599326914,0.3994383634268202,0.0005911285238542139
bullish_count,0.12453217486252259,0.2673082382229184,-0.003221031042613128
bearish_count,0.2576165447176366,0.34785529259556286,0.0038759207038134734
sentiment_mean,-0.07731436103445297,-0.053740874379370696,-0.0026279655025183784
abs_sentiment,-0.019900275120445135,-0.042353534830159974,-0.001998367605502306
volume,0.26959421806662526,1.0,0.009938144288135617
abs_forward_return_5m,1.0,0.26959421806662526,0.06370864650266159
forward_return_5m,0.06370864650266159,0.009938144288135617,1.0
