tweet_bucket,minutes,mean_tweet_count,mean_abs_forward_return_5m,mean_volume,direction_up_share
"(-0.001, 1.0]",52517,0.5461088790296476,0.0003992022551143297,81.15166517508617,0.47877830035988345
"(1.0, 2.0]",28053,2.0,0.00044442501147523144,229.35728799058924,0.48558086479164436
"(2.0, 3.0]",26268,3.0,0.0004863329545043929,402.0819247753921,0.4905207857469164
"(3.0, 4.0]",23958,4.0,0.0005248611167252028,562.3290758827949,0.49553385090575175
"(4.0, 5.0]",20860,5.0,0.0005740771724160349,735.2251198465964,0.5033077660594439
"(5.0, 6.0]",17581,6.0,0.000642487562995018,918.538194641943,0.5070815084466185
"(6.0, 8.0]",25990,7.44482493266641,0.0007275141061766252,1145.120392458638,0.5110811850711813
"(8.0, 11.0]",22038,9.835375260912969,0.0009164177470735314,1581.3138215809056,0.508349214992286
"(11.0, 42.0]",19663,15.125820068148299,0.0013513753416441701,2747.147535981285,0.5008899964400142
